year,province,track,score,min_rank,max_rank,same_score_count,source_url,source_name
2023,上海,普通类,619,1,48,48,https://www.shmeea.edu.cn/page/08000/20230623/17660.html,上海市教育考试院
2023,上海,普通类,618,49,61,13,https://www.shmeea.edu.cn/page/08000/20230623/17660.html,上海市教育考试院
2023,上海,普通类,617,62,70,9,https://www.shmeea.edu.cn/page/08000/20230623/17660.html,上海市教育考试院
2023,上海,普通类,616,71,86,16,https://www.shmeea.edu.cn/page/08000/20230623/17660.html,上海市教育考试院
2023,上海,普通类,615,87,103,17,https://www.shmeea.edu.cn/page/08000/20230623/17660.html,上海市教育考试院
2023,上海,普通类,614,104,116,13,https://www.shmeea.edu.cn/page/08000/20230623/17660.html,上海市教育考试院
2023,上海,普通类,613,117,136,20,https://www.shmeea.edu.cn/page/08000/20230623/17660.html,上海市教育考试院
2023,上海,普通类,612,137,157,21,https://www.shmeea.edu.cn/page/08000/20230623/17660.html,上海市教育考试院
2023,上海,普通类,611,158,174,17,https://www.shmeea.edu.cn/page/08000/20230623/17660.html,上海市教育考试院
2023,上海,普通类,610,175,197,23,https://www.shmeea.edu.cn/page/08000/20230623/17660.html,上海市教育考试院
2023,上海,普通类,609,198,212,15,https://www.shmeea.edu.cn/page/08000/20230623/17660.html,上海市教育考试院
2023,上海,普通类,608,213,244,32,https://www.shmeea.edu.cn/page/08000/20230623/17660.html,上海市教育考试院
2023,上海,普通类,607,245,271,27,https://www.shmeea.edu.cn/page/08000/20230623/17660.html,上海市教育考试院
2023,上海,普通类,606,272,300,29,https://www.shmeea.edu.cn/page/08000/20230623/17660.html,上海市教育考试院
2023,上海,普通类,605,301,338,38,https://www.shmeea.edu.cn/page/08000/20230623/17660.html,上海市教育考试院
2023,上海,普通类,604,339,394,56,https://www.shmeea.edu.cn/page/08000/20230623/17660.html,上海市教育考试院
2023,上海,普通类,603,395,437,43,https://www.shmeea.edu.cn/page/08000/20230623/17660.html,上海市教育考试院
2023,上海,普通类,602,438,477,40,https://www.shmeea.edu.cn/page/08000/20230623/17660.html,上海市教育考试院
2023,上海,普通类,601,478,535,58,https://www.shmeea.edu.cn/page/08000/20230623/17660.html,上海市教育考试院
2023,上海,普通类,600,536,591,56,https://www.shmeea.edu.cn/page/08000/20230623/17660.html,上海市教育考试院
2023,上海,普通类,599,592,645,54,https://www.shmeea.edu.cn/page/08000/20230623/17660.html,上海市教育考试院
2023,上海,普通类,598,646,705,60,https://www.shmeea.edu.cn/page/08000/20230623/17660.html,上海市教育考试院
2023,上海,普通类,597,706,770,65,https://www.shmeea.edu.cn/page/08000/20230623/17660.html,上海市教育考试院
2023,上海,普通类,596,771,828,58,https://www.shmeea.edu.cn/page/08000/20230623/17660.html,上海市教育考试院
2023,上海,普通类,595,829,902,74,https://www.shmeea.edu.cn/page/08000/20230623/17660.html,上海市教育考试院
2023,上海,普通类,594,903,964,62,https://www.shmeea.edu.cn/page/08000/20230623/17660.html,上海市教育考试院
2023,上海,普通类,593,965,1039,75,https://www.shmeea.edu.cn/page/08000/20230623/17660.html,上海市教育考试院
2023,上海,普通类,592,1040,1130,91,https://www.shmeea.edu.cn/page/08000/20230623/17660.html,上海市教育考试院
2023,上海,普通类,591,1131,1199,69,https://www.shmeea.edu.cn/page/08000/20230623/17660.html,上海市教育考试院
2023,上海,普通类,590,1200,1288,89,https://www.shmeea.edu.cn/page/08000/20230623/17660.html,上海市教育考试院
2023,上海,普通类,589,1289,1366,78,https://www.shmeea.edu.cn/page/08000/20230623/17660.html,上海市教育考试院
2023,上海,普通类,588,1367,1468,102,https://www.shmeea.edu.cn/page/08000/20230623/17660.html,上海市教育考试院
2023,上海,普通类,587,1469,1573,105,https://www.shmeea.edu.cn/page/08000/20230623/17660.html,上海市教育考试院
2023,上海,普通类,586,1574,1670,97,https://www.shmeea.edu.cn/page/08000/20230623/17660.html,上海市教育考试院
2023,上海,普通类,585,1671,1780,110,https://www.shmeea.edu.cn/page/08000/20230623/17660.html,上海市教育考试院
2023,上海,普通类,584,1781,1900,120,https://www.shmeea.edu.cn/page/08000/20230623/17660.html,上海市教育考试院
2023,上海,普通类,583,1901,2011,111,https://www.shmeea.edu.cn/page/08000/20230623/17660.html,上海市教育考试院
2023,上海,普通类,582,2012,2134,123,https://www.shmeea.edu.cn/page/08000/20230623/17660.html,上海市教育考试院
2023,上海,普通类,581,2135,2262,128,https://www.shmeea.edu.cn/page/08000/20230623/17660.html,上海市教育考试院
2023,上海,普通类,580,2263,2393,131,https://www.shmeea.edu.cn/page/08000/20230623/17660.html,上海市教育考试院
2023,上海,普通类,579,2394,2520,127,https://www.shmeea.edu.cn/page/08000/20230623/17660.html,上海市教育考试院
2023,上海,普通类,578,2521,2668,148,https://www.shmeea.edu.cn/page/08000/20230623/17660.html,上海市教育考试院
2023,上海,普通类,577,2669,2821,153,https://www.shmeea.edu.cn/page/08000/20230623/17660.html,上海市教育考试院
2023,上海,普通类,576,2822,2962,141,https://www.shmeea.edu.cn/page/08000/20230623/17660.html,上海市教育考试院
2023,上海,普通类,575,2963,3118,156,https://www.shmeea.edu.cn/page/08000/20230623/17660.html,上海市教育考试院
2023,上海,普通类,574,3119,3270,152,https://www.shmeea.edu.cn/page/08000/20230623/17660.html,上海市教育考试院
2023,上海,普通类,573,3271,3404,134,https://www.shmeea.edu.cn/page/08000/20230623/17660.html,上海市教育考试院
2023,上海,普通类,572,3405,3586,182,https://www.shmeea.edu.cn/page/08000/20230623/17660.html,上海市教育考试院
2023,上海,普通类,571,3587,3741,155,https://www.shmeea.edu.cn/page/08000/20230623/17660.html,上海市教育考试院
2023,上海,普通类,570,3742,3914,173,https://www.shmeea.edu.cn/page/08000/20230623/17660.html,上海市教育考试院
2023,上海,普通类,569,3915,4096,182,https://www.shmeea.edu.cn/page/08000/20230623/17660.html,上海市教育考试院
2023,上海,普通类,568,4097,4260,164,https://www.shmeea.edu.cn/page/08000/20230623/17660.html,上海市教育考试院
2023,上海,普通类,567,4261,4425,165,https://www.shmeea.edu.cn/page/08000/20230623/17660.html,上海市教育考试院
2023,上海,普通类,566,4426,4600,175,https://www.shmeea.edu.cn/page/08000/20230623/17660.html,上海市教育考试院
2023,上海,普通类,565,4601,4750,150,https://www.shmeea.edu.cn/page/08000/20230623/17660.html,上海市教育考试院
2023,上海,普通类,564,4751,4910,160,https://www.shmeea.edu.cn/page/08000/20230623/17660.html,上海市教育考试院
2023,上海,普通类,563,4911,5080,170,https://www.shmeea.edu.cn/page/08000/20230623/17660.html,上海市教育考试院
2023,上海,普通类,562,5081,5270,190,https://www.shmeea.edu.cn/page/08000/20230623/17660.html,上海市教育考试院
2023,上海,普通类,561,5271,5453,183,https://www.shmeea.edu.cn/page/08000/20230623/17660.html,上海市教育考试院
2023,上海,普通类,560,5454,5664,211,https://www.shmeea.edu.cn/page/08000/20230623/17660.html,上海市教育考试院
2023,上海,普通类,559,5665,5843,179,https://www.shmeea.edu.cn/page/08000/20230623/17660.html,上海市教育考试院
2023,上海,普通类,558,5844,6028,185,https://www.shmeea.edu.cn/page/08000/20230623/17660.html,上海市教育考试院
2023,上海,普通类,557,6029,6238,210,https://www.shmeea.edu.cn/page/08000/20230623/17660.html,上海市教育考试院
2023,上海,普通类,556,6239,6451,213,https://www.shmeea.edu.cn/page/08000/20230623/17660.html,上海市教育考试院
2023,上海,普通类,555,6452,6649,198,https://www.shmeea.edu.cn/page/08000/20230623/17660.html,上海市教育考试院
2023,上海,普通类,554,6650,6846,197,https://www.shmeea.edu.cn/page/08000/20230623/17660.html,上海市教育考试院
2023,上海,普通类,553,6847,7041,195,https://www.shmeea.edu.cn/page/08000/20230623/17660.html,上海市教育考试院
2023,上海,普通类,552,7042,7242,201,https://www.shmeea.edu.cn/page/08000/20230623/17660.html,上海市教育考试院
2023,上海,普通类,551,7243,7444,202,https://www.shmeea.edu.cn/page/08000/20230623/17660.html,上海市教育考试院
2023,上海,普通类,550,7445,7651,207,https://www.shmeea.edu.cn/page/08000/20230623/17660.html,上海市教育考试院
2023,上海,普通类,549,7652,7855,204,https://www.shmeea.edu.cn/page/08000/20230623/17660.html,上海市教育考试院
2023,上海,普通类,548,7856,8061,206,https://www.shmeea.edu.cn/page/08000/20230623/17660.html,上海市教育考试院
2023,上海,普通类,547,8062,8255,194,https://www.shmeea.edu.cn/page/08000/20230623/17660.html,上海市教育考试院
2023,上海,普通类,546,8256,8464,209,https://www.shmeea.edu.cn/page/08000/20230623/17660.html,上海市教育考试院
2023,上海,普通类,545,8465,8712,248,https://www.shmeea.edu.cn/page/08000/20230623/17660.html,上海市教育考试院
2023,上海,普通类,544,8713,8940,228,https://www.shmeea.edu.cn/page/08000/20230623/17660.html,上海市教育考试院
2023,上海,普通类,543,8941,9179,239,https://www.shmeea.edu.cn/page/08000/20230623/17660.html,上海市教育考试院
2023,上海,普通类,542,9180,9418,239,https://www.shmeea.edu.cn/page/08000/20230623/17660.html,上海市教育考试院
2023,上海,普通类,541,9419,9655,237,https://www.shmeea.edu.cn/page/08000/20230623/17660.html,上海市教育考试院
2023,上海,普通类,540,9656,9864,209,https://www.shmeea.edu.cn/page/08000/20230623/17660.html,上海市教育考试院
2023,上海,普通类,539,9865,10105,241,https://www.shmeea.edu.cn/page/08000/20230623/17660.html,上海市教育考试院
2023,上海,普通类,538,10106,10340,235,https://www.shmeea.edu.cn/page/08000/20230623/17660.html,上海市教育考试院
2023,上海,普通类,537,10341,10565,225,https://www.shmeea.edu.cn/page/08000/20230623/17660.html,上海市教育考试院
2023,上海,普通类,536,10566,10808,243,https://www.shmeea.edu.cn/page/08000/20230623/17660.html,上海市教育考试院
2023,上海,普通类,535,10809,11029,221,https://www.shmeea.edu.cn/page/08000/20230623/17660.html,上海市教育考试院
2023,上海,普通类,534,11030,11276,247,https://www.shmeea.edu.cn/page/08000/20230623/17660.html,上海市教育考试院
2023,上海,普通类,533,11277,11501,225,https://www.shmeea.edu.cn/page/08000/20230623/17660.html,上海市教育考试院
2023,上海,普通类,532,11502,11739,238,https://www.shmeea.edu.cn/page/08000/20230623/17660.html,上海市教育考试院
2023,上海,普通类,531,11740,11977,238,https://www.shmeea.edu.cn/page/08000/20230623/17660.html,上海市教育考试院
2023,上海,普通类,530,11978,12194,217,https://www.shmeea.edu.cn/page/08000/20230623/17660.html,上海市教育考试院
2023,上海,普通类,529,12195,12442,248,https://www.shmeea.edu.cn/page/08000/20230623/17660.html,上海市教育考试院
2023,上海,普通类,528,12443,12669,227,https://www.shmeea.edu.cn/page/08000/20230623/17660.html,上海市教育考试院
2023,上海,普通类,527,12670,12910,241,https://www.shmeea.edu.cn/page/08000/20230623/17660.html,上海市教育考试院
2023,上海,普通类,526,12911,13152,242,https://www.shmeea.edu.cn/page/08000/20230623/17660.html,上海市教育考试院
2023,上海,普通类,525,13153,13398,246,https://www.shmeea.edu.cn/page/08000/20230623/17660.html,上海市教育考试院
2023,上海,普通类,524,13399,13663,265,https://www.shmeea.edu.cn/page/08000/20230623/17660.html,上海市教育考试院
2023,上海,普通类,523,13664,13919,256,https://www.shmeea.edu.cn/page/08000/20230623/17660.html,上海市教育考试院
2023,上海,普通类,522,13920,14182,263,https://www.shmeea.edu.cn/page/08000/20230623/17660.html,上海市教育考试院
2023,上海,普通类,521,14183,14416,234,https://www.shmeea.edu.cn/page/08000/20230623/17660.html,上海市教育考试院
2023,上海,普通类,520,14417,14672,256,https://www.shmeea.edu.cn/page/08000/20230623/17660.html,上海市教育考试院
2023,上海,普通类,519,14673,14925,253,https://www.shmeea.edu.cn/page/08000/20230623/17660.html,上海市教育考试院
2023,上海,普通类,518,14926,15161,236,https://www.shmeea.edu.cn/page/08000/20230623/17660.html,上海市教育考试院
2023,上海,普通类,517,15162,15390,229,https://www.shmeea.edu.cn/page/08000/20230623/17660.html,上海市教育考试院
2023,上海,普通类,516,15391,15632,242,https://www.shmeea.edu.cn/page/08000/20230623/17660.html,上海市教育考试院
2023,上海,普通类,515,15633,15916,284,https://www.shmeea.edu.cn/page/08000/20230623/17660.html,上海市教育考试院
2023,上海,普通类,514,15917,16172,256,https://www.shmeea.edu.cn/page/08000/20230623/17660.html,上海市教育考试院
2023,上海,普通类,513,16173,16423,251,https://www.shmeea.edu.cn/page/08000/20230623/17660.html,上海市教育考试院
2023,上海,普通类,512,16424,16670,247,https://www.shmeea.edu.cn/page/08000/20230623/17660.html,上海市教育考试院
2023,上海,普通类,511,16671,16921,251,https://www.shmeea.edu.cn/page/08000/20230623/17660.html,上海市教育考试院
2023,上海,普通类,510,16922,17139,218,https://www.shmeea.edu.cn/page/08000/20230623/17660.html,上海市教育考试院
2023,上海,普通类,509,17140,17377,238,https://www.shmeea.edu.cn/page/08000/20230623/17660.html,上海市教育考试院
2023,上海,普通类,508,17378,17631,254,https://www.shmeea.edu.cn/page/08000/20230623/17660.html,上海市教育考试院
2023,上海,普通类,507,17632,17863,232,https://www.shmeea.edu.cn/page/08000/20230623/17660.html,上海市教育考试院
2023,上海,普通类,506,17864,18118,255,https://www.shmeea.edu.cn/page/08000/20230623/17660.html,上海市教育考试院
2023,上海,普通类,505,18119,18398,280,https://www.shmeea.edu.cn/page/08000/20230623/17660.html,上海市教育考试院
2023,上海,普通类,504,18399,18635,237,https://www.shmeea.edu.cn/page/08000/20230623/17660.html,上海市教育考试院
2023,上海,普通类,503,18636,18898,263,https://www.shmeea.edu.cn/page/08000/20230623/17660.html,上海市教育考试院
2023,上海,普通类,502,18899,19158,260,https://www.shmeea.edu.cn/page/08000/20230623/17660.html,上海市教育考试院
2023,上海,普通类,501,19159,19420,262,https://www.shmeea.edu.cn/page/08000/20230623/17660.html,上海市教育考试院
2023,上海,普通类,500,19421,19672,252,https://www.shmeea.edu.cn/page/08000/20230623/17660.html,上海市教育考试院
2023,上海,普通类,499,19673,19921,249,https://www.shmeea.edu.cn/page/08000/20230623/17660.html,上海市教育考试院
2023,上海,普通类,498,19922,20181,260,https://www.shmeea.edu.cn/page/08000/20230623/17660.html,上海市教育考试院
2023,上海,普通类,497,20182,20398,217,https://www.shmeea.edu.cn/page/08000/20230623/17660.html,上海市教育考试院
2023,上海,普通类,496,20399,20653,255,https://www.shmeea.edu.cn/page/08000/20230623/17660.html,上海市教育考试院
2023,上海,普通类,495,20654,20893,240,https://www.shmeea.edu.cn/page/08000/20230623/17660.html,上海市教育考试院
2023,上海,普通类,494,20894,21165,272,https://www.shmeea.edu.cn/page/08000/20230623/17660.html,上海市教育考试院
2023,上海,普通类,493,21166,21430,265,https://www.shmeea.edu.cn/page/08000/20230623/17660.html,上海市教育考试院
2023,上海,普通类,492,21431,21695,265,https://www.shmeea.edu.cn/page/08000/20230623/17660.html,上海市教育考试院
2023,上海,普通类,491,21696,21932,237,https://www.shmeea.edu.cn/page/08000/20230623/17660.html,上海市教育考试院
2023,上海,普通类,490,21933,22166,234,https://www.shmeea.edu.cn/page/08000/20230623/17660.html,上海市教育考试院
2023,上海,普通类,489,22167,22397,231,https://www.shmeea.edu.cn/page/08000/20230623/17660.html,上海市教育考试院
2023,上海,普通类,488,22398,22656,259,https://www.shmeea.edu.cn/page/08000/20230623/17660.html,上海市教育考试院
2023,上海,普通类,487,22657,22878,222,https://www.shmeea.edu.cn/page/08000/20230623/17660.html,上海市教育考试院
2023,上海,普通类,486,22879,23115,237,https://www.shmeea.edu.cn/page/08000/20230623/17660.html,上海市教育考试院
2023,上海,普通类,485,23116,23334,219,https://www.shmeea.edu.cn/page/08000/20230623/17660.html,上海市教育考试院
2023,上海,普通类,484,23335,23581,247,https://www.shmeea.edu.cn/page/08000/20230623/17660.html,上海市教育考试院
2023,上海,普通类,483,23582,23814,233,https://www.shmeea.edu.cn/page/08000/20230623/17660.html,上海市教育考试院
2023,上海,普通类,482,23815,24077,263,https://www.shmeea.edu.cn/page/08000/20230623/17660.html,上海市教育考试院
2023,上海,普通类,481,24078,24317,240,https://www.shmeea.edu.cn/page/08000/20230623/17660.html,上海市教育考试院
2023,上海,普通类,480,24318,24548,231,https://www.shmeea.edu.cn/page/08000/20230623/17660.html,上海市教育考试院
2023,上海,普通类,479,24549,24801,253,https://www.shmeea.edu.cn/page/08000/20230623/17660.html,上海市教育考试院
2023,上海,普通类,478,24802,25081,280,https://www.shmeea.edu.cn/page/08000/20230623/17660.html,上海市教育考试院
2023,上海,普通类,477,25082,25351,270,https://www.shmeea.edu.cn/page/08000/20230623/17660.html,上海市教育考试院
2023,上海,普通类,476,25352,25585,234,https://www.shmeea.edu.cn/page/08000/20230623/17660.html,上海市教育考试院
2023,上海,普通类,475,25586,25848,263,https://www.shmeea.edu.cn/page/08000/20230623/17660.html,上海市教育考试院
2023,上海,普通类,474,25849,26112,264,https://www.shmeea.edu.cn/page/08000/20230623/17660.html,上海市教育考试院
2023,上海,普通类,473,26113,26377,265,https://www.shmeea.edu.cn/page/08000/20230623/17660.html,上海市教育考试院
2023,上海,普通类,472,26378,26613,236,https://www.shmeea.edu.cn/page/08000/20230623/17660.html,上海市教育考试院
2023,上海,普通类,471,26614,26866,253,https://www.shmeea.edu.cn/page/08000/20230623/17660.html,上海市教育考试院
2023,上海,普通类,470,26867,27118,252,https://www.shmeea.edu.cn/page/08000/20230623/17660.html,上海市教育考试院
2023,上海,普通类,469,27119,27340,222,https://www.shmeea.edu.cn/page/08000/20230623/17660.html,上海市教育考试院
2023,上海,普通类,468,27341,27576,236,https://www.shmeea.edu.cn/page/08000/20230623/17660.html,上海市教育考试院
2023,上海,普通类,467,27577,27818,242,https://www.shmeea.edu.cn/page/08000/20230623/17660.html,上海市教育考试院
2023,上海,普通类,466,27819,28075,257,https://www.shmeea.edu.cn/page/08000/20230623/17660.html,上海市教育考试院
2023,上海,普通类,465,28076,28319,244,https://www.shmeea.edu.cn/page/08000/20230623/17660.html,上海市教育考试院
2023,上海,普通类,464,28320,28564,245,https://www.shmeea.edu.cn/page/08000/20230623/17660.html,上海市教育考试院
2023,上海,普通类,463,28565,28788,224,https://www.shmeea.edu.cn/page/08000/20230623/17660.html,上海市教育考试院
2023,上海,普通类,462,28789,29013,225,https://www.shmeea.edu.cn/page/08000/20230623/17660.html,上海市教育考试院
2023,上海,普通类,461,29014,29246,233,https://www.shmeea.edu.cn/page/08000/20230623/17660.html,上海市教育考试院
2023,上海,普通类,460,29247,29469,223,https://www.shmeea.edu.cn/page/08000/20230623/17660.html,上海市教育考试院
2023,上海,普通类,459,29470,29706,237,https://www.shmeea.edu.cn/page/08000/20230623/17660.html,上海市教育考试院
2023,上海,普通类,458,29707,29925,219,https://www.shmeea.edu.cn/page/08000/20230623/17660.html,上海市教育考试院
2023,上海,普通类,457,29926,30168,243,https://www.shmeea.edu.cn/page/08000/20230623/17660.html,上海市教育考试院
2023,上海,普通类,456,30169,30385,217,https://www.shmeea.edu.cn/page/08000/20230623/17660.html,上海市教育考试院
2023,上海,普通类,455,30386,30610,225,https://www.shmeea.edu.cn/page/08000/20230623/17660.html,上海市教育考试院
2023,上海,普通类,454,30611,30852,242,https://www.shmeea.edu.cn/page/08000/20230623/17660.html,上海市教育考试院
2023,上海,普通类,453,30853,31094,242,https://www.shmeea.edu.cn/page/08000/20230623/17660.html,上海市教育考试院
2023,上海,普通类,452,31095,31347,253,https://www.shmeea.edu.cn/page/08000/20230623/17660.html,上海市教育考试院
2023,上海,普通类,451,31348,31584,237,https://www.shmeea.edu.cn/page/08000/20230623/17660.html,上海市教育考试院
2023,上海,普通类,450,31585,31821,237,https://www.shmeea.edu.cn/page/08000/20230623/17660.html,上海市教育考试院
2023,上海,普通类,449,31822,32023,202,https://www.shmeea.edu.cn/page/08000/20230623/17660.html,上海市教育考试院
2023,上海,普通类,448,32024,32236,213,https://www.shmeea.edu.cn/page/08000/20230623/17660.html,上海市教育考试院
2023,上海,普通类,447,32237,32460,224,https://www.shmeea.edu.cn/page/08000/20230623/17660.html,上海市教育考试院
2023,上海,普通类,446,32461,32676,216,https://www.shmeea.edu.cn/page/08000/20230623/17660.html,上海市教育考试院
2023,上海,普通类,445,32677,32897,221,https://www.shmeea.edu.cn/page/08000/20230623/17660.html,上海市教育考试院
2023,上海,普通类,444,32898,33094,197,https://www.shmeea.edu.cn/page/08000/20230623/17660.html,上海市教育考试院
2023,上海,普通类,443,33095,33327,233,https://www.shmeea.edu.cn/page/08000/20230623/17660.html,上海市教育考试院
2023,上海,普通类,442,33328,33564,237,https://www.shmeea.edu.cn/page/08000/20230623/17660.html,上海市教育考试院
2023,上海,普通类,441,33565,33766,202,https://www.shmeea.edu.cn/page/08000/20230623/17660.html,上海市教育考试院
2023,上海,普通类,440,33767,33965,199,https://www.shmeea.edu.cn/page/08000/20230623/17660.html,上海市教育考试院
2023,上海,普通类,439,33966,34170,205,https://www.shmeea.edu.cn/page/08000/20230623/17660.html,上海市教育考试院
2023,上海,普通类,438,34171,34431,261,https://www.shmeea.edu.cn/page/08000/20230623/17660.html,上海市教育考试院
2023,上海,普通类,437,34432,34625,194,https://www.shmeea.edu.cn/page/08000/20230623/17660.html,上海市教育考试院
2023,上海,普通类,436,34626,34853,228,https://www.shmeea.edu.cn/page/08000/20230623/17660.html,上海市教育考试院
2023,上海,普通类,435,34854,35051,198,https://www.shmeea.edu.cn/page/08000/20230623/17660.html,上海市教育考试院
2023,上海,普通类,434,35052,35259,208,https://www.shmeea.edu.cn/page/08000/20230623/17660.html,上海市教育考试院
2023,上海,普通类,433,35260,35473,214,https://www.shmeea.edu.cn/page/08000/20230623/17660.html,上海市教育考试院
2023,上海,普通类,432,35474,35697,224,https://www.shmeea.edu.cn/page/08000/20230623/17660.html,上海市教育考试院
2023,上海,普通类,431,35698,35904,207,https://www.shmeea.edu.cn/page/08000/20230623/17660.html,上海市教育考试院
2023,上海,普通类,430,35905,36113,209,https://www.shmeea.edu.cn/page/08000/20230623/17660.html,上海市教育考试院
2023,上海,普通类,429,36114,36303,190,https://www.shmeea.edu.cn/page/08000/20230623/17660.html,上海市教育考试院
2023,上海,普通类,428,36304,36503,200,https://www.shmeea.edu.cn/page/08000/20230623/17660.html,上海市教育考试院
2023,上海,普通类,427,36504,36712,209,https://www.shmeea.edu.cn/page/08000/20230623/17660.html,上海市教育考试院
2023,上海,普通类,426,36713,36906,194,https://www.shmeea.edu.cn/page/08000/20230623/17660.html,上海市教育考试院
2023,上海,普通类,425,36907,37110,204,https://www.shmeea.edu.cn/page/08000/20230623/17660.html,上海市教育考试院
2023,上海,普通类,424,37111,37331,221,https://www.shmeea.edu.cn/page/08000/20230623/17660.html,上海市教育考试院
2023,上海,普通类,423,37332,37531,200,https://www.shmeea.edu.cn/page/08000/20230623/17660.html,上海市教育考试院
2023,上海,普通类,422,37532,37730,199,https://www.shmeea.edu.cn/page/08000/20230623/17660.html,上海市教育考试院
2023,上海,普通类,421,37731,37931,201,https://www.shmeea.edu.cn/page/08000/20230623/17660.html,上海市教育考试院
2023,上海,普通类,420,37932,38092,161,https://www.shmeea.edu.cn/page/08000/20230623/17660.html,上海市教育考试院
2023,上海,普通类,419,38093,38271,179,https://www.shmeea.edu.cn/page/08000/20230623/17660.html,上海市教育考试院
2023,上海,普通类,418,38272,38467,196,https://www.shmeea.edu.cn/page/08000/20230623/17660.html,上海市教育考试院
2023,上海,普通类,417,38468,38666,199,https://www.shmeea.edu.cn/page/08000/20230623/17660.html,上海市教育考试院
2023,上海,普通类,416,38667,38855,189,https://www.shmeea.edu.cn/page/08000/20230623/17660.html,上海市教育考试院
2023,上海,普通类,415,38856,39040,185,https://www.shmeea.edu.cn/page/08000/20230623/17660.html,上海市教育考试院
2023,上海,普通类,414,39041,39247,207,https://www.shmeea.edu.cn/page/08000/20230623/17660.html,上海市教育考试院
2023,上海,普通类,413,39248,39440,193,https://www.shmeea.edu.cn/page/08000/20230623/17660.html,上海市教育考试院
2023,上海,普通类,412,39441,39601,161,https://www.shmeea.edu.cn/page/08000/20230623/17660.html,上海市教育考试院
2023,上海,普通类,411,39602,39779,178,https://www.shmeea.edu.cn/page/08000/20230623/17660.html,上海市教育考试院
2023,上海,普通类,410,39780,39977,198,https://www.shmeea.edu.cn/page/08000/20230623/17660.html,上海市教育考试院
2023,上海,普通类,409,39978,40174,197,https://www.shmeea.edu.cn/page/08000/20230623/17660.html,上海市教育考试院
2023,上海,普通类,408,40175,40349,175,https://www.shmeea.edu.cn/page/08000/20230623/17660.html,上海市教育考试院
2023,上海,普通类,407,40350,40512,163,https://www.shmeea.edu.cn/page/08000/20230623/17660.html,上海市教育考试院
2023,上海,普通类,406,40513,40671,159,https://www.shmeea.edu.cn/page/08000/20230623/17660.html,上海市教育考试院
2023,上海,普通类,405,40672,40830,159,https://www.shmeea.edu.cn/page/08000/20230623/17660.html,上海市教育考试院
2023,上海,普通类,404,40831,40998,168,https://www.shmeea.edu.cn/page/08000/20230623/17660.html,上海市教育考试院
2023,上海,普通类,403,40999,41160,162,https://www.shmeea.edu.cn/page/08000/20230623/17660.html,上海市教育考试院
2023,上海,普通类,402,41161,41342,182,https://www.shmeea.edu.cn/page/08000/20230623/17660.html,上海市教育考试院
2023,上海,普通类,401,41343,41517,175,https://www.shmeea.edu.cn/page/08000/20230623/17660.html,上海市教育考试院
2023,上海,普通类,400,41518,41682,165,https://www.shmeea.edu.cn/page/08000/20230623/17660.html,上海市教育考试院
2023,上海,普通类,399,41683,41846,164,https://www.shmeea.edu.cn/page/08000/20230623/17660.html,上海市教育考试院
2023,上海,普通类,398,41847,42024,178,https://www.shmeea.edu.cn/page/08000/20230623/17660.html,上海市教育考试院
2023,上海,普通类,397,42025,42193,169,https://www.shmeea.edu.cn/page/08000/20230623/17660.html,上海市教育考试院
2023,上海,普通类,396,42194,42365,172,https://www.shmeea.edu.cn/page/08000/20230623/17660.html,上海市教育考试院
2023,上海,普通类,395,42366,42528,163,https://www.shmeea.edu.cn/page/08000/20230623/17660.html,上海市教育考试院
2023,上海,普通类,394,42529,42683,155,https://www.shmeea.edu.cn/page/08000/20230623/17660.html,上海市教育考试院
2023,上海,普通类,393,42684,42853,170,https://www.shmeea.edu.cn/page/08000/20230623/17660.html,上海市教育考试院
2023,上海,普通类,392,42854,43018,165,https://www.shmeea.edu.cn/page/08000/20230623/17660.html,上海市教育考试院
2023,上海,普通类,391,43019,43173,155,https://www.shmeea.edu.cn/page/08000/20230623/17660.html,上海市教育考试院
2023,上海,普通类,390,43174,43320,147,https://www.shmeea.edu.cn/page/08000/20230623/17660.html,上海市教育考试院
2023,上海,普通类,389,43321,43501,181,https://www.shmeea.edu.cn/page/08000/20230623/17660.html,上海市教育考试院
2023,上海,普通类,388,43502,43634,133,https://www.shmeea.edu.cn/page/08000/20230623/17660.html,上海市教育考试院
2023,上海,普通类,387,43635,43783,149,https://www.shmeea.edu.cn/page/08000/20230623/17660.html,上海市教育考试院
2023,上海,普通类,386,43784,43931,148,https://www.shmeea.edu.cn/page/08000/20230623/17660.html,上海市教育考试院
2023,上海,普通类,385,43932,44102,171,https://www.shmeea.edu.cn/page/08000/20230623/17660.html,上海市教育考试院
2023,上海,普通类,384,44103,44237,135,https://www.shmeea.edu.cn/page/08000/20230623/17660.html,上海市教育考试院
2023,上海,普通类,383,44238,44397,160,https://www.shmeea.edu.cn/page/08000/20230623/17660.html,上海市教育考试院
2023,上海,普通类,382,44398,44520,123,https://www.shmeea.edu.cn/page/08000/20230623/17660.html,上海市教育考试院
2023,上海,普通类,381,44521,44673,153,https://www.shmeea.edu.cn/page/08000/20230623/17660.html,上海市教育考试院
2023,上海,普通类,380,44674,44809,136,https://www.shmeea.edu.cn/page/08000/20230623/17660.html,上海市教育考试院
2023,上海,普通类,379,44810,44974,165,https://www.shmeea.edu.cn/page/08000/20230623/17660.html,上海市教育考试院
2023,上海,普通类,378,44975,45116,142,https://www.shmeea.edu.cn/page/08000/20230623/17660.html,上海市教育考试院
2023,上海,普通类,377,45117,45247,131,https://www.shmeea.edu.cn/page/08000/20230623/17660.html,上海市教育考试院
2023,上海,普通类,376,45248,45391,144,https://www.shmeea.edu.cn/page/08000/20230623/17660.html,上海市教育考试院
2023,上海,普通类,375,45392,45543,152,https://www.shmeea.edu.cn/page/08000/20230623/17660.html,上海市教育考试院
2023,上海,普通类,374,45544,45674,131,https://www.shmeea.edu.cn/page/08000/20230623/17660.html,上海市教育考试院
2023,上海,普通类,373,45675,45812,138,https://www.shmeea.edu.cn/page/08000/20230623/17660.html,上海市教育考试院
2023,上海,普通类,372,45813,45941,129,https://www.shmeea.edu.cn/page/08000/20230623/17660.html,上海市教育考试院
2023,上海,普通类,371,45942,46061,120,https://www.shmeea.edu.cn/page/08000/20230623/17660.html,上海市教育考试院
2023,上海,普通类,370,46062,46191,130,https://www.shmeea.edu.cn/page/08000/20230623/17660.html,上海市教育考试院
2023,上海,普通类,369,46192,46318,127,https://www.shmeea.edu.cn/page/08000/20230623/17660.html,上海市教育考试院
2023,上海,普通类,368,46319,46444,126,https://www.shmeea.edu.cn/page/08000/20230623/17660.html,上海市教育考试院
2023,上海,普通类,367,46445,46546,102,https://www.shmeea.edu.cn/page/08000/20230623/17660.html,上海市教育考试院
2023,上海,普通类,366,46547,46662,116,https://www.shmeea.edu.cn/page/08000/20230623/17660.html,上海市教育考试院
2023,上海,普通类,365,46663,46793,131,https://www.shmeea.edu.cn/page/08000/20230623/17660.html,上海市教育考试院
2023,上海,普通类,364,46794,46892,99,https://www.shmeea.edu.cn/page/08000/20230623/17660.html,上海市教育考试院
2023,上海,普通类,363,46893,47021,129,https://www.shmeea.edu.cn/page/08000/20230623/17660.html,上海市教育考试院
2023,上海,普通类,362,47022,47134,113,https://www.shmeea.edu.cn/page/08000/20230623/17660.html,上海市教育考试院
2023,上海,普通类,361,47135,47252,118,https://www.shmeea.edu.cn/page/08000/20230623/17660.html,上海市教育考试院
2023,上海,普通类,360,47253,47348,96,https://www.shmeea.edu.cn/page/08000/20230623/17660.html,上海市教育考试院
2023,上海,普通类,359,47349,47473,125,https://www.shmeea.edu.cn/page/08000/20230623/17660.html,上海市教育考试院
2023,上海,普通类,358,47474,47566,93,https://www.shmeea.edu.cn/page/08000/20230623/17660.html,上海市教育考试院
2023,上海,普通类,357,47567,47655,89,https://www.shmeea.edu.cn/page/08000/20230623/17660.html,上海市教育考试院
2023,上海,普通类,356,47656,47748,93,https://www.shmeea.edu.cn/page/08000/20230623/17660.html,上海市教育考试院
2023,上海,普通类,355,47749,47845,97,https://www.shmeea.edu.cn/page/08000/20230623/17660.html,上海市教育考试院
2023,上海,普通类,354,47846,47944,99,https://www.shmeea.edu.cn/page/08000/20230623/17660.html,上海市教育考试院
2023,上海,普通类,353,47945,48047,103,https://www.shmeea.edu.cn/page/08000/20230623/17660.html,上海市教育考试院
2023,上海,普通类,352,48048,48142,95,https://www.shmeea.edu.cn/page/08000/20230623/17660.html,上海市教育考试院
2023,上海,普通类,351,48143,48242,100,https://www.shmeea.edu.cn/page/08000/20230623/17660.html,上海市教育考试院
2023,上海,普通类,350,48243,48341,99,https://www.shmeea.edu.cn/page/08000/20230623/17660.html,上海市教育考试院
2023,上海,普通类,349,48342,48434,93,https://www.shmeea.edu.cn/page/08000/20230623/17660.html,上海市教育考试院
2023,上海,普通类,348,48435,48519,85,https://www.shmeea.edu.cn/page/08000/20230623/17660.html,上海市教育考试院
2023,上海,普通类,347,48520,48605,86,https://www.shmeea.edu.cn/page/08000/20230623/17660.html,上海市教育考试院
2023,上海,普通类,346,48606,48693,88,https://www.shmeea.edu.cn/page/08000/20230623/17660.html,上海市教育考试院
2023,上海,普通类,345,48694,48773,80,https://www.shmeea.edu.cn/page/08000/20230623/17660.html,上海市教育考试院
2023,上海,普通类,344,48774,48852,79,https://www.shmeea.edu.cn/page/08000/20230623/17660.html,上海市教育考试院
2023,上海,普通类,343,48853,48930,78,https://www.shmeea.edu.cn/page/08000/20230623/17660.html,上海市教育考试院
2023,上海,普通类,342,48931,49016,86,https://www.shmeea.edu.cn/page/08000/20230623/17660.html,上海市教育考试院
2023,上海,普通类,341,49017,49103,87,https://www.shmeea.edu.cn/page/08000/20230623/17660.html,上海市教育考试院
2023,上海,普通类,340,49104,49177,74,https://www.shmeea.edu.cn/page/08000/20230623/17660.html,上海市教育考试院
2023,上海,普通类,339,49178,49261,84,https://www.shmeea.edu.cn/page/08000/20230623/17660.html,上海市教育考试院
2023,上海,普通类,338,49262,49347,86,https://www.shmeea.edu.cn/page/08000/20230623/17660.html,上海市教育考试院
2023,上海,普通类,337,49348,49431,84,https://www.shmeea.edu.cn/page/08000/20230623/17660.html,上海市教育考试院
2023,上海,普通类,336,49432,49488,57,https://www.shmeea.edu.cn/page/08000/20230623/17660.html,上海市教育考试院
2023,上海,普通类,335,49489,49559,71,https://www.shmeea.edu.cn/page/08000/20230623/17660.html,上海市教育考试院
2023,上海,普通类,334,49560,49614,55,https://www.shmeea.edu.cn/page/08000/20230623/17660.html,上海市教育考试院
2023,上海,普通类,333,49615,49687,73,https://www.shmeea.edu.cn/page/08000/20230623/17660.html,上海市教育考试院
2023,上海,普通类,332,49688,49738,51,https://www.shmeea.edu.cn/page/08000/20230623/17660.html,上海市教育考试院
2023,上海,普通类,331,49739,49801,63,https://www.shmeea.edu.cn/page/08000/20230623/17660.html,上海市教育考试院
2023,上海,普通类,330,49802,49865,64,https://www.shmeea.edu.cn/page/08000/20230623/17660.html,上海市教育考试院
2023,上海,普通类,329,49866,49915,50,https://www.shmeea.edu.cn/page/08000/20230623/17660.html,上海市教育考试院
2023,上海,普通类,328,49916,49970,55,https://www.shmeea.edu.cn/page/08000/20230623/17660.html,上海市教育考试院
2023,上海,普通类,327,49971,50030,60,https://www.shmeea.edu.cn/page/08000/20230623/17660.html,上海市教育考试院
2023,上海,普通类,326,50031,50085,55,https://www.shmeea.edu.cn/page/08000/20230623/17660.html,上海市教育考试院
2023,上海,普通类,325,50086,50145,60,https://www.shmeea.edu.cn/page/08000/20230623/17660.html,上海市教育考试院
2023,上海,普通类,324,50146,50199,54,https://www.shmeea.edu.cn/page/08000/20230623/17660.html,上海市教育考试院
2023,上海,普通类,323,50200,50251,52,https://www.shmeea.edu.cn/page/08000/20230623/17660.html,上海市教育考试院
2023,上海,普通类,322,50252,50299,48,https://www.shmeea.edu.cn/page/08000/20230623/17660.html,上海市教育考试院
2023,上海,普通类,321,50300,50344,45,https://www.shmeea.edu.cn/page/08000/20230623/17660.html,上海市教育考试院
2023,上海,普通类,320,50345,50392,48,https://www.shmeea.edu.cn/page/08000/20230623/17660.html,上海市教育考试院
2023,上海,普通类,319,50393,50443,51,https://www.shmeea.edu.cn/page/08000/20230623/17660.html,上海市教育考试院
2023,上海,普通类,318,50444,50490,47,https://www.shmeea.edu.cn/page/08000/20230623/17660.html,上海市教育考试院
2023,上海,普通类,317,50491,50529,39,https://www.shmeea.edu.cn/page/08000/20230623/17660.html,上海市教育考试院
2023,上海,普通类,316,50530,50595,66,https://www.shmeea.edu.cn/page/08000/20230623/17660.html,上海市教育考试院
2023,上海,普通类,315,50596,50649,54,https://www.shmeea.edu.cn/page/08000/20230623/17660.html,上海市教育考试院
2023,上海,普通类,314,50650,50681,32,https://www.shmeea.edu.cn/page/08000/20230623/17660.html,上海市教育考试院
2023,上海,普通类,313,50682,50726,45,https://www.shmeea.edu.cn/page/08000/20230623/17660.html,上海市教育考试院
2023,上海,普通类,312,50727,50766,40,https://www.shmeea.edu.cn/page/08000/20230623/17660.html,上海市教育考试院
2023,上海,普通类,311,50767,50800,34,https://www.shmeea.edu.cn/page/08000/20230623/17660.html,上海市教育考试院
2023,上海,普通类,310,50801,50838,38,https://www.shmeea.edu.cn/page/08000/20230623/17660.html,上海市教育考试院
2023,上海,普通类,309,50839,50875,37,https://www.shmeea.edu.cn/page/08000/20230623/17660.html,上海市教育考试院
2023,上海,普通类,308,50876,50918,43,https://www.shmeea.edu.cn/page/08000/20230623/17660.html,上海市教育考试院
2023,上海,普通类,307,50919,50951,33,https://www.shmeea.edu.cn/page/08000/20230623/17660.html,上海市教育考试院
2023,上海,普通类,306,50952,50979,28,https://www.shmeea.edu.cn/page/08000/20230623/17660.html,上海市教育考试院
2023,上海,普通类,305,50980,51008,29,https://www.shmeea.edu.cn/page/08000/20230623/17660.html,上海市教育考试院
2023,上海,普通类,304,51009,51034,26,https://www.shmeea.edu.cn/page/08000/20230623/17660.html,上海市教育考试院
2023,上海,普通类,303,51035,51064,30,https://www.shmeea.edu.cn/page/08000/20230623/17660.html,上海市教育考试院
2023,上海,普通类,302,51065,51089,25,https://www.shmeea.edu.cn/page/08000/20230623/17660.html,上海市教育考试院
2023,上海,普通类,301,51090,51108,19,https://www.shmeea.edu.cn/page/08000/20230623/17660.html,上海市教育考试院
2023,上海,普通类,300,51109,51144,36,https://www.shmeea.edu.cn/page/08000/20230623/17660.html,上海市教育考试院
2023,上海,普通类,299,51145,51172,28,https://www.shmeea.edu.cn/page/08000/20230623/17660.html,上海市教育考试院
2023,上海,普通类,298,51173,51202,30,https://www.shmeea.edu.cn/page/08000/20230623/17660.html,上海市教育考试院
2023,上海,普通类,297,51203,51235,33,https://www.shmeea.edu.cn/page/08000/20230623/17660.html,上海市教育考试院
2023,上海,普通类,296,51236,51268,33,https://www.shmeea.edu.cn/page/08000/20230623/17660.html,上海市教育考试院
2023,上海,普通类,295,51269,51298,30,https://www.shmeea.edu.cn/page/08000/20230623/17660.html,上海市教育考试院
2023,上海,普通类,294,51299,51331,33,https://www.shmeea.edu.cn/page/08000/20230623/17660.html,上海市教育考试院
2023,上海,普通类,293,51332,51355,24,https://www.shmeea.edu.cn/page/08000/20230623/17660.html,上海市教育考试院
2023,上海,普通类,292,51356,51385,30,https://www.shmeea.edu.cn/page/08000/20230623/17660.html,上海市教育考试院
2023,上海,普通类,291,51386,51410,25,https://www.shmeea.edu.cn/page/08000/20230623/17660.html,上海市教育考试院
2023,上海,普通类,290,51411,51427,17,https://www.shmeea.edu.cn/page/08000/20230623/17660.html,上海市教育考试院
2023,上海,普通类,289,51428,51444,17,https://www.shmeea.edu.cn/page/08000/20230623/17660.html,上海市教育考试院
2023,上海,普通类,288,51445,51467,23,https://www.shmeea.edu.cn/page/08000/20230623/17660.html,上海市教育考试院
2023,上海,普通类,287,51468,51491,24,https://www.shmeea.edu.cn/page/08000/20230623/17660.html,上海市教育考试院
2023,上海,普通类,286,51492,51524,33,https://www.shmeea.edu.cn/page/08000/20230623/17660.html,上海市教育考试院
2023,上海,普通类,285,51525,51541,17,https://www.shmeea.edu.cn/page/08000/20230623/17660.html,上海市教育考试院
2023,上海,普通类,284,51542,51560,19,https://www.shmeea.edu.cn/page/08000/20230623/17660.html,上海市教育考试院
2024,上海,普通类,619,1,52,52,https://www.shmeea.edu.cn/page/08000/20240623/18609.html,上海市教育考试院
2024,上海,普通类,618,53,64,12,https://www.shmeea.edu.cn/page/08000/20240623/18609.html,上海市教育考试院
2024,上海,普通类,617,65,75,11,https://www.shmeea.edu.cn/page/08000/20240623/18609.html,上海市教育考试院
2024,上海,普通类,616,76,91,16,https://www.shmeea.edu.cn/page/08000/20240623/18609.html,上海市教育考试院
2024,上海,普通类,615,92,110,19,https://www.shmeea.edu.cn/page/08000/20240623/18609.html,上海市教育考试院
2024,上海,普通类,614,111,128,18,https://www.shmeea.edu.cn/page/08000/20240623/18609.html,上海市教育考试院
2024,上海,普通类,613,129,144,16,https://www.shmeea.edu.cn/page/08000/20240623/18609.html,上海市教育考试院
2024,上海,普通类,612,145,179,35,https://www.shmeea.edu.cn/page/08000/20240623/18609.html,上海市教育考试院
2024,上海,普通类,611,180,201,22,https://www.shmeea.edu.cn/page/08000/20240623/18609.html,上海市教育考试院
2024,上海,普通类,610,202,240,39,https://www.shmeea.edu.cn/page/08000/20240623/18609.html,上海市教育考试院
2024,上海,普通类,609,241,267,27,https://www.shmeea.edu.cn/page/08000/20240623/18609.html,上海市教育考试院
2024,上海,普通类,608,268,299,32,https://www.shmeea.edu.cn/page/08000/20240623/18609.html,上海市教育考试院
2024,上海,普通类,607,300,334,35,https://www.shmeea.edu.cn/page/08000/20240623/18609.html,上海市教育考试院
2024,上海,普通类,606,335,383,49,https://www.shmeea.edu.cn/page/08000/20240623/18609.html,上海市教育考试院
2024,上海,普通类,605,384,432,49,https://www.shmeea.edu.cn/page/08000/20240623/18609.html,上海市教育考试院
2024,上海,普通类,604,433,486,54,https://www.shmeea.edu.cn/page/08000/20240623/18609.html,上海市教育考试院
2024,上海,普通类,603,487,541,55,https://www.shmeea.edu.cn/page/08000/20240623/18609.html,上海市教育考试院
2024,上海,普通类,602,542,595,54,https://www.shmeea.edu.cn/page/08000/20240623/18609.html,上海市教育考试院
2024,上海,普通类,601,596,656,61,https://www.shmeea.edu.cn/page/08000/20240623/18609.html,上海市教育考试院
2024,上海,普通类,600,657,714,58,https://www.shmeea.edu.cn/page/08000/20240623/18609.html,上海市教育考试院
2024,上海,普通类,599,715,775,61,https://www.shmeea.edu.cn/page/08000/20240623/18609.html,上海市教育考试院
2024,上海,普通类,598,776,834,59,https://www.shmeea.edu.cn/page/08000/20240623/18609.html,上海市教育考试院
2024,上海,普通类,597,835,913,79,https://www.shmeea.edu.cn/page/08000/20240623/18609.html,上海市教育考试院
2024,上海,普通类,596,914,996,83,https://www.shmeea.edu.cn/page/08000/20240623/18609.html,上海市教育考试院
2024,上海,普通类,595,997,1089,93,https://www.shmeea.edu.cn/page/08000/20240623/18609.html,上海市教育考试院
2024,上海,普通类,594,1090,1175,86,https://www.shmeea.edu.cn/page/08000/20240623/18609.html,上海市教育考试院
2024,上海,普通类,593,1176,1280,105,https://www.shmeea.edu.cn/page/08000/20240623/18609.html,上海市教育考试院
2024,上海,普通类,592,1281,1376,96,https://www.shmeea.edu.cn/page/08000/20240623/18609.html,上海市教育考试院
2024,上海,普通类,591,1377,1453,77,https://www.shmeea.edu.cn/page/08000/20240623/18609.html,上海市教育考试院
2024,上海,普通类,590,1454,1553,100,https://www.shmeea.edu.cn/page/08000/20240623/18609.html,上海市教育考试院
2024,上海,普通类,589,1554,1649,96,https://www.shmeea.edu.cn/page/08000/20240623/18609.html,上海市教育考试院
2024,上海,普通类,588,1650,1750,101,https://www.shmeea.edu.cn/page/08000/20240623/18609.html,上海市教育考试院
2024,上海,普通类,587,1751,1860,110,https://www.shmeea.edu.cn/page/08000/20240623/18609.html,上海市教育考试院
2024,上海,普通类,586,1861,1980,120,https://www.shmeea.edu.cn/page/08000/20240623/18609.html,上海市教育考试院
2024,上海,普通类,585,1981,2089,109,https://www.shmeea.edu.cn/page/08000/20240623/18609.html,上海市教育考试院
2024,上海,普通类,584,2090,2194,105,https://www.shmeea.edu.cn/page/08000/20240623/18609.html,上海市教育考试院
2024,上海,普通类,583,2195,2306,112,https://www.shmeea.edu.cn/page/08000/20240623/18609.html,上海市教育考试院
2024,上海,普通类,582,2307,2424,118,https://www.shmeea.edu.cn/page/08000/20240623/18609.html,上海市教育考试院
2024,上海,普通类,581,2425,2552,128,https://www.shmeea.edu.cn/page/08000/20240623/18609.html,上海市教育考试院
2024,上海,普通类,580,2553,2684,132,https://www.shmeea.edu.cn/page/08000/20240623/18609.html,上海市教育考试院
2024,上海,普通类,579,2685,2831,147,https://www.shmeea.edu.cn/page/08000/20240623/18609.html,上海市教育考试院
2024,上海,普通类,578,2832,2962,131,https://www.shmeea.edu.cn/page/08000/20240623/18609.html,上海市教育考试院
2024,上海,普通类,577,2963,3098,136,https://www.shmeea.edu.cn/page/08000/20240623/18609.html,上海市教育考试院
2024,上海,普通类,576,3099,3250,152,https://www.shmeea.edu.cn/page/08000/20240623/18609.html,上海市教育考试院
2024,上海,普通类,575,3251,3392,142,https://www.shmeea.edu.cn/page/08000/20240623/18609.html,上海市教育考试院
2024,上海,普通类,574,3393,3531,139,https://www.shmeea.edu.cn/page/08000/20240623/18609.html,上海市教育考试院
2024,上海,普通类,573,3532,3676,145,https://www.shmeea.edu.cn/page/08000/20240623/18609.html,上海市教育考试院
2024,上海,普通类,572,3677,3846,170,https://www.shmeea.edu.cn/page/08000/20240623/18609.html,上海市教育考试院
2024,上海,普通类,571,3847,3998,152,https://www.shmeea.edu.cn/page/08000/20240623/18609.html,上海市教育考试院
2024,上海,普通类,570,3999,4158,160,https://www.shmeea.edu.cn/page/08000/20240623/18609.html,上海市教育考试院
2024,上海,普通类,569,4159,4317,159,https://www.shmeea.edu.cn/page/08000/20240623/18609.html,上海市教育考试院
2024,上海,普通类,568,4318,4499,182,https://www.shmeea.edu.cn/page/08000/20240623/18609.html,上海市教育考试院
2024,上海,普通类,567,4500,4662,163,https://www.shmeea.edu.cn/page/08000/20240623/18609.html,上海市教育考试院
2024,上海,普通类,566,4663,4841,179,https://www.shmeea.edu.cn/page/08000/20240623/18609.html,上海市教育考试院
2024,上海,普通类,565,4842,5019,178,https://www.shmeea.edu.cn/page/08000/20240623/18609.html,上海市教育考试院
2024,上海,普通类,564,5020,5180,161,https://www.shmeea.edu.cn/page/08000/20240623/18609.html,上海市教育考试院
2024,上海,普通类,563,5181,5356,176,https://www.shmeea.edu.cn/page/08000/20240623/18609.html,上海市教育考试院
2024,上海,普通类,562,5357,5544,188,https://www.shmeea.edu.cn/page/08000/20240623/18609.html,上海市教育考试院
2024,上海,普通类,561,5545,5731,187,https://www.shmeea.edu.cn/page/08000/20240623/18609.html,上海市教育考试院
2024,上海,普通类,560,5732,5899,168,https://www.shmeea.edu.cn/page/08000/20240623/18609.html,上海市教育考试院
2024,上海,普通类,559,5900,6102,203,https://www.shmeea.edu.cn/page/08000/20240623/18609.html,上海市教育考试院
2024,上海,普通类,558,6103,6285,183,https://www.shmeea.edu.cn/page/08000/20240623/18609.html,上海市教育考试院
2024,上海,普通类,557,6286,6458,173,https://www.shmeea.edu.cn/page/08000/20240623/18609.html,上海市教育考试院
2024,上海,普通类,556,6459,6631,173,https://www.shmeea.edu.cn/page/08000/20240623/18609.html,上海市教育考试院
2024,上海,普通类,555,6632,6832,201,https://www.shmeea.edu.cn/page/08000/20240623/18609.html,上海市教育考试院
2024,上海,普通类,554,6833,7021,189,https://www.shmeea.edu.cn/page/08000/20240623/18609.html,上海市教育考试院
2024,上海,普通类,553,7022,7218,197,https://www.shmeea.edu.cn/page/08000/20240623/18609.html,上海市教育考试院
2024,上海,普通类,552,7219,7412,194,https://www.shmeea.edu.cn/page/08000/20240623/18609.html,上海市教育考试院
2024,上海,普通类,551,7413,7592,180,https://www.shmeea.edu.cn/page/08000/20240623/18609.html,上海市教育考试院
2024,上海,普通类,550,7593,7798,206,https://www.shmeea.edu.cn/page/08000/20240623/18609.html,上海市教育考试院
2024,上海,普通类,549,7799,7975,177,https://www.shmeea.edu.cn/page/08000/20240623/18609.html,上海市教育考试院
2024,上海,普通类,548,7976,8178,203,https://www.shmeea.edu.cn/page/08000/20240623/18609.html,上海市教育考试院
2024,上海,普通类,547,8179,8372,194,https://www.shmeea.edu.cn/page/08000/20240623/18609.html,上海市教育考试院
2024,上海,普通类,546,8373,8561,189,https://www.shmeea.edu.cn/page/08000/20240623/18609.html,上海市教育考试院
2024,上海,普通类,545,8562,8758,197,https://www.shmeea.edu.cn/page/08000/20240623/18609.html,上海市教育考试院
2024,上海,普通类,544,8759,8973,215,https://www.shmeea.edu.cn/page/08000/20240623/18609.html,上海市教育考试院
2024,上海,普通类,543,8974,9186,213,https://www.shmeea.edu.cn/page/08000/20240623/18609.html,上海市教育考试院
2024,上海,普通类,542,9187,9417,231,https://www.shmeea.edu.cn/page/08000/20240623/18609.html,上海市教育考试院
2024,上海,普通类,541,9418,9624,207,https://www.shmeea.edu.cn/page/08000/20240623/18609.html,上海市教育考试院
2024,上海,普通类,540,9625,9848,224,https://www.shmeea.edu.cn/page/08000/20240623/18609.html,上海市教育考试院
2024,上海,普通类,539,9849,10069,221,https://www.shmeea.edu.cn/page/08000/20240623/18609.html,上海市教育考试院
2024,上海,普通类,538,10070,10306,237,https://www.shmeea.edu.cn/page/08000/20240623/18609.html,上海市教育考试院
2024,上海,普通类,537,10307,10538,232,https://www.shmeea.edu.cn/page/08000/20240623/18609.html,上海市教育考试院
2024,上海,普通类,536,10539,10760,222,https://www.shmeea.edu.cn/page/08000/20240623/18609.html,上海市教育考试院
2024,上海,普通类,535,10761,10985,225,https://www.shmeea.edu.cn/page/08000/20240623/18609.html,上海市教育考试院
2024,上海,普通类,534,10986,11234,249,https://www.shmeea.edu.cn/page/08000/20240623/18609.html,上海市教育考试院
2024,上海,普通类,533,11235,11462,228,https://www.shmeea.edu.cn/page/08000/20240623/18609.html,上海市教育考试院
2024,上海,普通类,532,11463,11678,216,https://www.shmeea.edu.cn/page/08000/20240623/18609.html,上海市教育考试院
2024,上海,普通类,531,11679,11919,241,https://www.shmeea.edu.cn/page/08000/20240623/18609.html,上海市教育考试院
2024,上海,普通类,530,11920,12143,224,https://www.shmeea.edu.cn/page/08000/20240623/18609.html,上海市教育考试院
2024,上海,普通类,529,12144,12388,245,https://www.shmeea.edu.cn/page/08000/20240623/18609.html,上海市教育考试院
2024,上海,普通类,528,12389,12627,239,https://www.shmeea.edu.cn/page/08000/20240623/18609.html,上海市教育考试院
2024,上海,普通类,527,12628,12860,233,https://www.shmeea.edu.cn/page/08000/20240623/18609.html,上海市教育考试院
2024,上海,普通类,526,12861,13085,225,https://www.shmeea.edu.cn/page/08000/20240623/18609.html,上海市教育考试院
2024,上海,普通类,525,13086,13276,191,https://www.shmeea.edu.cn/page/08000/20240623/18609.html,上海市教育考试院
2024,上海,普通类,524,13277,13538,262,https://www.shmeea.edu.cn/page/08000/20240623/18609.html,上海市教育考试院
2024,上海,普通类,523,13539,13763,225,https://www.shmeea.edu.cn/page/08000/20240623/18609.html,上海市教育考试院
2024,上海,普通类,522,13764,14026,263,https://www.shmeea.edu.cn/page/08000/20240623/18609.html,上海市教育考试院
2024,上海,普通类,521,14027,14281,255,https://www.shmeea.edu.cn/page/08000/20240623/18609.html,上海市教育考试院
2024,上海,普通类,520,14282,14532,251,https://www.shmeea.edu.cn/page/08000/20240623/18609.html,上海市教育考试院
2024,上海,普通类,519,14533,14753,221,https://www.shmeea.edu.cn/page/08000/20240623/18609.html,上海市教育考试院
2024,上海,普通类,518,14754,15023,270,https://www.shmeea.edu.cn/page/08000/20240623/18609.html,上海市教育考试院
2024,上海,普通类,517,15024,15249,226,https://www.shmeea.edu.cn/page/08000/20240623/18609.html,上海市教育考试院
2024,上海,普通类,516,15250,15485,236,https://www.shmeea.edu.cn/page/08000/20240623/18609.html,上海市教育考试院
2024,上海,普通类,515,15486,15734,249,https://www.shmeea.edu.cn/page/08000/20240623/18609.html,上海市教育考试院
2024,上海,普通类,514,15735,15979,245,https://www.shmeea.edu.cn/page/08000/20240623/18609.html,上海市教育考试院
2024,上海,普通类,513,15980,16250,271,https://www.shmeea.edu.cn/page/08000/20240623/18609.html,上海市教育考试院
2024,上海,普通类,512,16251,16483,233,https://www.shmeea.edu.cn/page/08000/20240623/18609.html,上海市教育考试院
2024,上海,普通类,511,16484,16761,278,https://www.shmeea.edu.cn/page/08000/20240623/18609.html,上海市教育考试院
2024,上海,普通类,510,16762,17049,288,https://www.shmeea.edu.cn/page/08000/20240623/18609.html,上海市教育考试院
2024,上海,普通类,509,17050,17313,264,https://www.shmeea.edu.cn/page/08000/20240623/18609.html,上海市教育考试院
2024,上海,普通类,508,17314,17567,254,https://www.shmeea.edu.cn/page/08000/20240623/18609.html,上海市教育考试院
2024,上海,普通类,507,17568,17795,228,https://www.shmeea.edu.cn/page/08000/20240623/18609.html,上海市教育考试院
2024,上海,普通类,506,17796,18067,272,https://www.shmeea.edu.cn/page/08000/20240623/18609.html,上海市教育考试院
2024,上海,普通类,505,18068,18290,223,https://www.shmeea.edu.cn/page/08000/20240623/18609.html,上海市教育考试院
2024,上海,普通类,504,18291,18539,249,https://www.shmeea.edu.cn/page/08000/20240623/18609.html,上海市教育考试院
2024,上海,普通类,503,18540,18767,228,https://www.shmeea.edu.cn/page/08000/20240623/18609.html,上海市教育考试院
2024,上海,普通类,502,18768,19008,241,https://www.shmeea.edu.cn/page/08000/20240623/18609.html,上海市教育考试院
2024,上海,普通类,501,19009,19243,235,https://www.shmeea.edu.cn/page/08000/20240623/18609.html,上海市教育考试院
2024,上海,普通类,500,19244,19486,243,https://www.shmeea.edu.cn/page/08000/20240623/18609.html,上海市教育考试院
2024,上海,普通类,499,19487,19729,243,https://www.shmeea.edu.cn/page/08000/20240623/18609.html,上海市教育考试院
2024,上海,普通类,498,19730,19960,231,https://www.shmeea.edu.cn/page/08000/20240623/18609.html,上海市教育考试院
2024,上海,普通类,497,19961,20203,243,https://www.shmeea.edu.cn/page/08000/20240623/18609.html,上海市教育考试院
2024,上海,普通类,496,20204,20446,243,https://www.shmeea.edu.cn/page/08000/20240623/18609.html,上海市教育考试院
2024,上海,普通类,495,20447,20693,247,https://www.shmeea.edu.cn/page/08000/20240623/18609.html,上海市教育考试院
2024,上海,普通类,494,20694,20956,263,https://www.shmeea.edu.cn/page/08000/20240623/18609.html,上海市教育考试院
2024,上海,普通类,493,20957,21226,270,https://www.shmeea.edu.cn/page/08000/20240623/18609.html,上海市教育考试院
2024,上海,普通类,492,21227,21473,247,https://www.shmeea.edu.cn/page/08000/20240623/18609.html,上海市教育考试院
2024,上海,普通类,491,21474,21744,271,https://www.shmeea.edu.cn/page/08000/20240623/18609.html,上海市教育考试院
2024,上海,普通类,490,21745,22003,259,https://www.shmeea.edu.cn/page/08000/20240623/18609.html,上海市教育考试院
2024,上海,普通类,489,22004,22270,267,https://www.shmeea.edu.cn/page/08000/20240623/18609.html,上海市教育考试院
2024,上海,普通类,488,22271,22514,244,https://www.shmeea.edu.cn/page/08000/20240623/18609.html,上海市教育考试院
2024,上海,普通类,487,22515,22781,267,https://www.shmeea.edu.cn/page/08000/20240623/18609.html,上海市教育考试院
2024,上海,普通类,486,22782,23040,259,https://www.shmeea.edu.cn/page/08000/20240623/18609.html,上海市教育考试院
2024,上海,普通类,485,23041,23293,253,https://www.shmeea.edu.cn/page/08000/20240623/18609.html,上海市教育考试院
2024,上海,普通类,484,23294,23553,260,https://www.shmeea.edu.cn/page/08000/20240623/18609.html,上海市教育考试院
2024,上海,普通类,483,23554,23814,261,https://www.shmeea.edu.cn/page/08000/20240623/18609.html,上海市教育考试院
2024,上海,普通类,482,23815,24080,266,https://www.shmeea.edu.cn/page/08000/20240623/18609.html,上海市教育考试院
2024,上海,普通类,481,24081,24337,257,https://www.shmeea.edu.cn/page/08000/20240623/18609.html,上海市教育考试院
2024,上海,普通类,480,24338,24562,225,https://www.shmeea.edu.cn/page/08000/20240623/18609.html,上海市教育考试院
2024,上海,普通类,479,24563,24795,233,https://www.shmeea.edu.cn/page/08000/20240623/18609.html,上海市教育考试院
2024,上海,普通类,478,24796,25053,258,https://www.shmeea.edu.cn/page/08000/20240623/18609.html,上海市教育考试院
2024,上海,普通类,477,25054,25299,246,https://www.shmeea.edu.cn/page/08000/20240623/18609.html,上海市教育考试院
2024,上海,普通类,476,25300,25541,242,https://www.shmeea.edu.cn/page/08000/20240623/18609.html,上海市教育考试院
2024,上海,普通类,475,25542,25819,278,https://www.shmeea.edu.cn/page/08000/20240623/18609.html,上海市教育考试院
2024,上海,普通类,474,25820,26034,215,https://www.shmeea.edu.cn/page/08000/20240623/18609.html,上海市教育考试院
2024,上海,普通类,473,26035,26270,236,https://www.shmeea.edu.cn/page/08000/20240623/18609.html,上海市教育考试院
2024,上海,普通类,472,26271,26492,222,https://www.shmeea.edu.cn/page/08000/20240623/18609.html,上海市教育考试院
2024,上海,普通类,471,26493,26748,256,https://www.shmeea.edu.cn/page/08000/20240623/18609.html,上海市教育考试院
2024,上海,普通类,470,26749,26996,248,https://www.shmeea.edu.cn/page/08000/20240623/18609.html,上海市教育考试院
2024,上海,普通类,469,26997,27273,277,https://www.shmeea.edu.cn/page/08000/20240623/18609.html,上海市教育考试院
2024,上海,普通类,468,27274,27525,252,https://www.shmeea.edu.cn/page/08000/20240623/18609.html,上海市教育考试院
2024,上海,普通类,467,27526,27778,253,https://www.shmeea.edu.cn/page/08000/20240623/18609.html,上海市教育考试院
2024,上海,普通类,466,27779,28028,250,https://www.shmeea.edu.cn/page/08000/20240623/18609.html,上海市教育考试院
2024,上海,普通类,465,28029,28294,266,https://www.shmeea.edu.cn/page/08000/20240623/18609.html,上海市教育考试院
2024,上海,普通类,464,28295,28519,225,https://www.shmeea.edu.cn/page/08000/20240623/18609.html,上海市教育考试院
2024,上海,普通类,463,28520,28756,237,https://www.shmeea.edu.cn/page/08000/20240623/18609.html,上海市教育考试院
2024,上海,普通类,462,28757,29014,258,https://www.shmeea.edu.cn/page/08000/20240623/18609.html,上海市教育考试院
2024,上海,普通类,461,29015,29262,248,https://www.shmeea.edu.cn/page/08000/20240623/18609.html,上海市教育考试院
2024,上海,普通类,460,29263,29525,263,https://www.shmeea.edu.cn/page/08000/20240623/18609.html,上海市教育考试院
2024,上海,普通类,459,29526,29755,230,https://www.shmeea.edu.cn/page/08000/20240623/18609.html,上海市教育考试院
2024,上海,普通类,458,29756,29994,239,https://www.shmeea.edu.cn/page/08000/20240623/18609.html,上海市教育考试院
2024,上海,普通类,457,29995,30232,238,https://www.shmeea.edu.cn/page/08000/20240623/18609.html,上海市教育考试院
2024,上海,普通类,456,30233,30473,241,https://www.shmeea.edu.cn/page/08000/20240623/18609.html,上海市教育考试院
2024,上海,普通类,455,30474,30715,242,https://www.shmeea.edu.cn/page/08000/20240623/18609.html,上海市教育考试院
2024,上海,普通类,454,30716,30934,219,https://www.shmeea.edu.cn/page/08000/20240623/18609.html,上海市教育考试院
2024,上海,普通类,453,30935,31179,245,https://www.shmeea.edu.cn/page/08000/20240623/18609.html,上海市教育考试院
2024,上海,普通类,452,31180,31399,220,https://www.shmeea.edu.cn/page/08000/20240623/18609.html,上海市教育考试院
2024,上海,普通类,451,31400,31665,266,https://www.shmeea.edu.cn/page/08000/20240623/18609.html,上海市教育考试院
2024,上海,普通类,450,31666,31904,239,https://www.shmeea.edu.cn/page/08000/20240623/18609.html,上海市教育考试院
2024,上海,普通类,449,31905,32134,230,https://www.shmeea.edu.cn/page/08000/20240623/18609.html,上海市教育考试院
2024,上海,普通类,448,32135,32390,256,https://www.shmeea.edu.cn/page/08000/20240623/18609.html,上海市教育考试院
2024,上海,普通类,447,32391,32641,251,https://www.shmeea.edu.cn/page/08000/20240623/18609.html,上海市教育考试院
2024,上海,普通类,446,32642,32860,219,https://www.shmeea.edu.cn/page/08000/20240623/18609.html,上海市教育考试院
2024,上海,普通类,445,32861,33071,211,https://www.shmeea.edu.cn/page/08000/20240623/18609.html,上海市教育考试院
2024,上海,普通类,444,33072,33286,215,https://www.shmeea.edu.cn/page/08000/20240623/18609.html,上海市教育考试院
2024,上海,普通类,443,33287,33531,245,https://www.shmeea.edu.cn/page/08000/20240623/18609.html,上海市教育考试院
2024,上海,普通类,442,33532,33781,250,https://www.shmeea.edu.cn/page/08000/20240623/18609.html,上海市教育考试院
2024,上海,普通类,441,33782,33999,218,https://www.shmeea.edu.cn/page/08000/20240623/18609.html,上海市教育考试院
2024,上海,普通类,440,34000,34239,240,https://www.shmeea.edu.cn/page/08000/20240623/18609.html,上海市教育考试院
2024,上海,普通类,439,34240,34482,243,https://www.shmeea.edu.cn/page/08000/20240623/18609.html,上海市教育考试院
2024,上海,普通类,438,34483,34709,227,https://www.shmeea.edu.cn/page/08000/20240623/18609.html,上海市教育考试院
2024,上海,普通类,437,34710,34923,214,https://www.shmeea.edu.cn/page/08000/20240623/18609.html,上海市教育考试院
2024,上海,普通类,436,34924,35127,204,https://www.shmeea.edu.cn/page/08000/20240623/18609.html,上海市教育考试院
2024,上海,普通类,435,35128,35341,214,https://www.shmeea.edu.cn/page/08000/20240623/18609.html,上海市教育考试院
2024,上海,普通类,434,35342,35570,229,https://www.shmeea.edu.cn/page/08000/20240623/18609.html,上海市教育考试院
2024,上海,普通类,433,35571,35806,236,https://www.shmeea.edu.cn/page/08000/20240623/18609.html,上海市教育考试院
2024,上海,普通类,432,35807,36033,227,https://www.shmeea.edu.cn/page/08000/20240623/18609.html,上海市教育考试院
2024,上海,普通类,431,36034,36222,189,https://www.shmeea.edu.cn/page/08000/20240623/18609.html,上海市教育考试院
2024,上海,普通类,430,36223,36436,214,https://www.shmeea.edu.cn/page/08000/20240623/18609.html,上海市教育考试院
2024,上海,普通类,429,36437,36629,193,https://www.shmeea.edu.cn/page/08000/20240623/18609.html,上海市教育考试院
2024,上海,普通类,428,36630,36833,204,https://www.shmeea.edu.cn/page/08000/20240623/18609.html,上海市教育考试院
2024,上海,普通类,427,36834,37063,230,https://www.shmeea.edu.cn/page/08000/20240623/18609.html,上海市教育考试院
2024,上海,普通类,426,37064,37259,196,https://www.shmeea.edu.cn/page/08000/20240623/18609.html,上海市教育考试院
2024,上海,普通类,425,37260,37468,209,https://www.shmeea.edu.cn/page/08000/20240623/18609.html,上海市教育考试院
2024,上海,普通类,424,37469,37692,224,https://www.shmeea.edu.cn/page/08000/20240623/18609.html,上海市教育考试院
2024,上海,普通类,423,37693,37882,190,https://www.shmeea.edu.cn/page/08000/20240623/18609.html,上海市教育考试院
2024,上海,普通类,422,37883,38053,171,https://www.shmeea.edu.cn/page/08000/20240623/18609.html,上海市教育考试院
2024,上海,普通类,421,38054,38266,213,https://www.shmeea.edu.cn/page/08000/20240623/18609.html,上海市教育考试院
2024,上海,普通类,420,38267,38443,177,https://www.shmeea.edu.cn/page/08000/20240623/18609.html,上海市教育考试院
2024,上海,普通类,419,38444,38662,219,https://www.shmeea.edu.cn/page/08000/20240623/18609.html,上海市教育考试院
2024,上海,普通类,418,38663,38869,207,https://www.shmeea.edu.cn/page/08000/20240623/18609.html,上海市教育考试院
2024,上海,普通类,417,38870,39079,210,https://www.shmeea.edu.cn/page/08000/20240623/18609.html,上海市教育考试院
2024,上海,普通类,416,39080,39269,190,https://www.shmeea.edu.cn/page/08000/20240623/18609.html,上海市教育考试院
2024,上海,普通类,415,39270,39454,185,https://www.shmeea.edu.cn/page/08000/20240623/18609.html,上海市教育考试院
2024,上海,普通类,414,39455,39641,187,https://www.shmeea.edu.cn/page/08000/20240623/18609.html,上海市教育考试院
2024,上海,普通类,413,39642,39823,182,https://www.shmeea.edu.cn/page/08000/20240623/18609.html,上海市教育考试院
2024,上海,普通类,412,39824,39998,175,https://www.shmeea.edu.cn/page/08000/20240623/18609.html,上海市教育考试院
2024,上海,普通类,411,39999,40210,212,https://www.shmeea.edu.cn/page/08000/20240623/18609.html,上海市教育考试院
2024,上海,普通类,410,40211,40401,191,https://www.shmeea.edu.cn/page/08000/20240623/18609.html,上海市教育考试院
2024,上海,普通类,409,40402,40573,172,https://www.shmeea.edu.cn/page/08000/20240623/18609.html,上海市教育考试院
2024,上海,普通类,408,40574,40752,179,https://www.shmeea.edu.cn/page/08000/20240623/18609.html,上海市教育考试院
2024,上海,普通类,407,40753,40915,163,https://www.shmeea.edu.cn/page/08000/20240623/18609.html,上海市教育考试院
2024,上海,普通类,406,40916,41077,162,https://www.shmeea.edu.cn/page/08000/20240623/18609.html,上海市教育考试院
2024,上海,普通类,405,41078,41271,194,https://www.shmeea.edu.cn/page/08000/20240623/18609.html,上海市教育考试院
2024,上海,普通类,404,41272,41433,162,https://www.shmeea.edu.cn/page/08000/20240623/18609.html,上海市教育考试院
2024,上海,普通类,403,41434,41594,161,https://www.shmeea.edu.cn/page/08000/20240623/18609.html,上海市教育考试院
2025,上海,普通类,623,1,52,52,https://www.shmeea.edu.cn/page/08000/20250623/19547.html,上海市教育考试院
2025,上海,普通类,622,53,64,12,https://www.shmeea.edu.cn/page/08000/20250623/19547.html,上海市教育考试院
2025,上海,普通类,621,65,75,11,https://www.shmeea.edu.cn/page/08000/20250623/19547.html,上海市教育考试院
2025,上海,普通类,620,76,95,20,https://www.shmeea.edu.cn/page/08000/20250623/19547.html,上海市教育考试院
2025,上海,普通类,619,96,119,24,https://www.shmeea.edu.cn/page/08000/20250623/19547.html,上海市教育考试院
2025,上海,普通类,618,120,137,18,https://www.shmeea.edu.cn/page/08000/20250623/19547.html,上海市教育考试院
2025,上海,普通类,617,138,171,34,https://www.shmeea.edu.cn/page/08000/20250623/19547.html,上海市教育考试院
2025,上海,普通类,616,172,203,32,https://www.shmeea.edu.cn/page/08000/20250623/19547.html,上海市教育考试院
2025,上海,普通类,615,204,236,33,https://www.shmeea.edu.cn/page/08000/20250623/19547.html,上海市教育考试院
2025,上海,普通类,614,237,272,36,https://www.shmeea.edu.cn/page/08000/20250623/19547.html,上海市教育考试院
2025,上海,普通类,613,273,322,50,https://www.shmeea.edu.cn/page/08000/20250623/19547.html,上海市教育考试院
2025,上海,普通类,612,323,365,43,https://www.shmeea.edu.cn/page/08000/20250623/19547.html,上海市教育考试院
2025,上海,普通类,611,366,399,34,https://www.shmeea.edu.cn/page/08000/20250623/19547.html,上海市教育考试院
2025,上海,普通类,610,400,460,61,https://www.shmeea.edu.cn/page/08000/20250623/19547.html,上海市教育考试院
2025,上海,普通类,609,461,537,77,https://www.shmeea.edu.cn/page/08000/20250623/19547.html,上海市教育考试院
2025,上海,普通类,608,538,600,63,https://www.shmeea.edu.cn/page/08000/20250623/19547.html,上海市教育考试院
2025,上海,普通类,607,601,656,56,https://www.shmeea.edu.cn/page/08000/20250623/19547.html,上海市教育考试院
2025,上海,普通类,606,657,726,70,https://www.shmeea.edu.cn/page/08000/20250623/19547.html,上海市教育考试院
2025,上海,普通类,605,727,789,63,https://www.shmeea.edu.cn/page/08000/20250623/19547.html,上海市教育考试院
2025,上海,普通类,604,790,878,89,https://www.shmeea.edu.cn/page/08000/20250623/19547.html,上海市教育考试院
2025,上海,普通类,603,879,952,74,https://www.shmeea.edu.cn/page/08000/20250623/19547.html,上海市教育考试院
2025,上海,普通类,602,953,1048,96,https://www.shmeea.edu.cn/page/08000/20250623/19547.html,上海市教育考试院
2025,上海,普通类,601,1049,1146,98,https://www.shmeea.edu.cn/page/08000/20250623/19547.html,上海市教育考试院
2025,上海,普通类,600,1147,1250,104,https://www.shmeea.edu.cn/page/08000/20250623/19547.html,上海市教育考试院
2025,上海,普通类,599,1251,1346,96,https://www.shmeea.edu.cn/page/08000/20250623/19547.html,上海市教育考试院
2025,上海,普通类,598,1347,1465,119,https://www.shmeea.edu.cn/page/08000/20250623/19547.html,上海市教育考试院
2025,上海,普通类,597,1466,1566,101,https://www.shmeea.edu.cn/page/08000/20250623/19547.html,上海市教育考试院
2025,上海,普通类,596,1567,1671,105,https://www.shmeea.edu.cn/page/08000/20250623/19547.html,上海市教育考试院
2025,上海,普通类,595,1672,1795,124,https://www.shmeea.edu.cn/page/08000/20250623/19547.html,上海市教育考试院
2025,上海,普通类,594,1796,1939,144,https://www.shmeea.edu.cn/page/08000/20250623/19547.html,上海市教育考试院
2025,上海,普通类,593,1940,2093,154,https://www.shmeea.edu.cn/page/08000/20250623/19547.html,上海市教育考试院
2025,上海,普通类,592,2094,2237,144,https://www.shmeea.edu.cn/page/08000/20250623/19547.html,上海市教育考试院
2025,上海,普通类,591,2238,2371,134,https://www.shmeea.edu.cn/page/08000/20250623/19547.html,上海市教育考试院
2025,上海,普通类,590,2372,2503,132,https://www.shmeea.edu.cn/page/08000/20250623/19547.html,上海市教育考试院
2025,上海,普通类,589,2504,2641,138,https://www.shmeea.edu.cn/page/08000/20250623/19547.html,上海市教育考试院
2025,上海,普通类,588,2642,2789,148,https://www.shmeea.edu.cn/page/08000/20250623/19547.html,上海市教育考试院
2025,上海,普通类,587,2790,2946,157,https://www.shmeea.edu.cn/page/08000/20250623/19547.html,上海市教育考试院
2025,上海,普通类,586,2947,3078,132,https://www.shmeea.edu.cn/page/08000/20250623/19547.html,上海市教育考试院
2025,上海,普通类,585,3079,3231,153,https://www.shmeea.edu.cn/page/08000/20250623/19547.html,上海市教育考试院
2025,上海,普通类,584,3232,3396,165,https://www.shmeea.edu.cn/page/08000/20250623/19547.html,上海市教育考试院
2025,上海,普通类,583,3397,3567,171,https://www.shmeea.edu.cn/page/08000/20250623/19547.html,上海市教育考试院
2025,上海,普通类,582,3568,3757,190,https://www.shmeea.edu.cn/page/08000/20250623/19547.html,上海市教育考试院
2025,上海,普通类,581,3758,3934,177,https://www.shmeea.edu.cn/page/08000/20250623/19547.html,上海市教育考试院
2025,上海,普通类,580,3935,4096,162,https://www.shmeea.edu.cn/page/08000/20250623/19547.html,上海市教育考试院
2025,上海,普通类,579,4097,4285,189,https://www.shmeea.edu.cn/page/08000/20250623/19547.html,上海市教育考试院
2025,上海,普通类,578,4286,4467,182,https://www.shmeea.edu.cn/page/08000/20250623/19547.html,上海市教育考试院
2025,上海,普通类,577,4468,4649,182,https://www.shmeea.edu.cn/page/08000/20250623/19547.html,上海市教育考试院
2025,上海,普通类,576,4650,4823,174,https://www.shmeea.edu.cn/page/08000/20250623/19547.html,上海市教育考试院
2025,上海,普通类,575,4824,5016,193,https://www.shmeea.edu.cn/page/08000/20250623/19547.html,上海市教育考试院
2025,上海,普通类,574,5017,5214,198,https://www.shmeea.edu.cn/page/08000/20250623/19547.html,上海市教育考试院
2025,上海,普通类,573,5215,5410,196,https://www.shmeea.edu.cn/page/08000/20250623/19547.html,上海市教育考试院
2025,上海,普通类,572,5411,5610,200,https://www.shmeea.edu.cn/page/08000/20250623/19547.html,上海市教育考试院
2025,上海,普通类,571,5611,5815,205,https://www.shmeea.edu.cn/page/08000/20250623/19547.html,上海市教育考试院
2025,上海,普通类,570,5816,6004,189,https://www.shmeea.edu.cn/page/08000/20250623/19547.html,上海市教育考试院
2025,上海,普通类,569,6005,6182,178,https://www.shmeea.edu.cn/page/08000/20250623/19547.html,上海市教育考试院
2025,上海,普通类,568,6183,6379,197,https://www.shmeea.edu.cn/page/08000/20250623/19547.html,上海市教育考试院
2025,上海,普通类,567,6380,6602,223,https://www.shmeea.edu.cn/page/08000/20250623/19547.html,上海市教育考试院
2025,上海,普通类,566,6603,6814,212,https://www.shmeea.edu.cn/page/08000/20250623/19547.html,上海市教育考试院
2025,上海,普通类,565,6815,7040,226,https://www.shmeea.edu.cn/page/08000/20250623/19547.html,上海市教育考试院
2025,上海,普通类,564,7041,7257,217,https://www.shmeea.edu.cn/page/08000/20250623/19547.html,上海市教育考试院
2025,上海,普通类,563,7258,7447,190,https://www.shmeea.edu.cn/page/08000/20250623/19547.html,上海市教育考试院
2025,上海,普通类,562,7448,7663,216,https://www.shmeea.edu.cn/page/08000/20250623/19547.html,上海市教育考试院
2025,上海,普通类,561,7664,7891,228,https://www.shmeea.edu.cn/page/08000/20250623/19547.html,上海市教育考试院
2025,上海,普通类,560,7892,8117,226,https://www.shmeea.edu.cn/page/08000/20250623/19547.html,上海市教育考试院
2025,上海,普通类,559,8118,8336,219,https://www.shmeea.edu.cn/page/08000/20250623/19547.html,上海市教育考试院
2025,上海,普通类,558,8337,8579,243,https://www.shmeea.edu.cn/page/08000/20250623/19547.html,上海市教育考试院
2025,上海,普通类,557,8580,8824,245,https://www.shmeea.edu.cn/page/08000/20250623/19547.html,上海市教育考试院
2025,上海,普通类,556,8825,9039,215,https://www.shmeea.edu.cn/page/08000/20250623/19547.html,上海市教育考试院
2025,上海,普通类,555,9040,9302,263,https://www.shmeea.edu.cn/page/08000/20250623/19547.html,上海市教育考试院
2025,上海,普通类,554,9303,9550,248,https://www.shmeea.edu.cn/page/08000/20250623/19547.html,上海市教育考试院
2025,上海,普通类,553,9551,9779,229,https://www.shmeea.edu.cn/page/08000/20250623/19547.html,上海市教育考试院
2025,上海,普通类,552,9780,10002,223,https://www.shmeea.edu.cn/page/08000/20250623/19547.html,上海市教育考试院
2025,上海,普通类,551,10003,10254,252,https://www.shmeea.edu.cn/page/08000/20250623/19547.html,上海市教育考试院
2025,上海,普通类,550,10255,10506,252,https://www.shmeea.edu.cn/page/08000/20250623/19547.html,上海市教育考试院
2025,上海,普通类,549,10507,10761,255,https://www.shmeea.edu.cn/page/08000/20250623/19547.html,上海市教育考试院
2025,上海,普通类,548,10762,11041,280,https://www.shmeea.edu.cn/page/08000/20250623/19547.html,上海市教育考试院
2025,上海,普通类,547,11042,11283,242,https://www.shmeea.edu.cn/page/08000/20250623/19547.html,上海市教育考试院
2025,上海,普通类,546,11284,11525,242,https://www.shmeea.edu.cn/page/08000/20250623/19547.html,上海市教育考试院
2025,上海,普通类,545,11526,11777,252,https://www.shmeea.edu.cn/page/08000/20250623/19547.html,上海市教育考试院
2025,上海,普通类,544,11778,12020,243,https://www.shmeea.edu.cn/page/08000/20250623/19547.html,上海市教育考试院
2025,上海,普通类,543,12021,12291,271,https://www.shmeea.edu.cn/page/08000/20250623/19547.html,上海市教育考试院
2025,上海,普通类,542,12292,12532,241,https://www.shmeea.edu.cn/page/08000/20250623/19547.html,上海市教育考试院
2025,上海,普通类,541,12533,12796,264,https://www.shmeea.edu.cn/page/08000/20250623/19547.html,上海市教育考试院
2025,上海,普通类,540,12797,13049,253,https://www.shmeea.edu.cn/page/08000/20250623/19547.html,上海市教育考试院
2025,上海,普通类,539,13050,13322,273,https://www.shmeea.edu.cn/page/08000/20250623/19547.html,上海市教育考试院
2025,上海,普通类,538,13323,13615,293,https://www.shmeea.edu.cn/page/08000/20250623/19547.html,上海市教育考试院
2025,上海,普通类,537,13616,13876,261,https://www.shmeea.edu.cn/page/08000/20250623/19547.html,上海市教育考试院
2025,上海,普通类,536,13877,14128,252,https://www.shmeea.edu.cn/page/08000/20250623/19547.html,上海市教育考试院
2025,上海,普通类,535,14129,14414,286,https://www.shmeea.edu.cn/page/08000/20250623/19547.html,上海市教育考试院
2025,上海,普通类,534,14415,14696,282,https://www.shmeea.edu.cn/page/08000/20250623/19547.html,上海市教育考试院
2025,上海,普通类,533,14697,14978,282,https://www.shmeea.edu.cn/page/08000/20250623/19547.html,上海市教育考试院
2025,上海,普通类,532,14979,15236,258,https://www.shmeea.edu.cn/page/08000/20250623/19547.html,上海市教育考试院
2025,上海,普通类,531,15237,15514,278,https://www.shmeea.edu.cn/page/08000/20250623/19547.html,上海市教育考试院
2025,上海,普通类,530,15515,15808,294,https://www.shmeea.edu.cn/page/08000/20250623/19547.html,上海市教育考试院
2025,上海,普通类,529,15809,16109,301,https://www.shmeea.edu.cn/page/08000/20250623/19547.html,上海市教育考试院
2025,上海,普通类,528,16110,16393,284,https://www.shmeea.edu.cn/page/08000/20250623/19547.html,上海市教育考试院
2025,上海,普通类,527,16394,16655,262,https://www.shmeea.edu.cn/page/08000/20250623/19547.html,上海市教育考试院
2025,上海,普通类,526,16656,16940,285,https://www.shmeea.edu.cn/page/08000/20250623/19547.html,上海市教育考试院
2025,上海,普通类,525,16941,17222,282,https://www.shmeea.edu.cn/page/08000/20250623/19547.html,上海市教育考试院
2025,上海,普通类,524,17223,17497,275,https://www.shmeea.edu.cn/page/08000/20250623/19547.html,上海市教育考试院
2025,上海,普通类,523,17498,17799,302,https://www.shmeea.edu.cn/page/08000/20250623/19547.html,上海市教育考试院
2025,上海,普通类,522,17800,18065,266,https://www.shmeea.edu.cn/page/08000/20250623/19547.html,上海市教育考试院
2025,上海,普通类,521,18066,18317,252,https://www.shmeea.edu.cn/page/08000/20250623/19547.html,上海市教育考试院
2025,上海,普通类,520,18318,18580,263,https://www.shmeea.edu.cn/page/08000/20250623/19547.html,上海市教育考试院
2025,上海,普通类,519,18581,18844,264,https://www.shmeea.edu.cn/page/08000/20250623/19547.html,上海市教育考试院
2025,上海,普通类,518,18845,19117,273,https://www.shmeea.edu.cn/page/08000/20250623/19547.html,上海市教育考试院
2025,上海,普通类,517,19118,19421,304,https://www.shmeea.edu.cn/page/08000/20250623/19547.html,上海市教育考试院
2025,上海,普通类,516,19422,19710,289,https://www.shmeea.edu.cn/page/08000/20250623/19547.html,上海市教育考试院
2025,上海,普通类,515,19711,19985,275,https://www.shmeea.edu.cn/page/08000/20250623/19547.html,上海市教育考试院
2025,上海,普通类,514,19986,20273,288,https://www.shmeea.edu.cn/page/08000/20250623/19547.html,上海市教育考试院
2025,上海,普通类,513,20274,20546,273,https://www.shmeea.edu.cn/page/08000/20250623/19547.html,上海市教育考试院
2025,上海,普通类,512,20547,20807,261,https://www.shmeea.edu.cn/page/08000/20250623/19547.html,上海市教育考试院
2025,上海,普通类,511,20808,21070,263,https://www.shmeea.edu.cn/page/08000/20250623/19547.html,上海市教育考试院
2025,上海,普通类,510,21071,21367,297,https://www.shmeea.edu.cn/page/08000/20250623/19547.html,上海市教育考试院
2025,上海,普通类,509,21368,21654,287,https://www.shmeea.edu.cn/page/08000/20250623/19547.html,上海市教育考试院
2025,上海,普通类,508,21655,21944,290,https://www.shmeea.edu.cn/page/08000/20250623/19547.html,上海市教育考试院
2025,上海,普通类,507,21945,22221,277,https://www.shmeea.edu.cn/page/08000/20250623/19547.html,上海市教育考试院
2025,上海,普通类,506,22222,22512,291,https://www.shmeea.edu.cn/page/08000/20250623/19547.html,上海市教育考试院
2025,上海,普通类,505,22513,22797,285,https://www.shmeea.edu.cn/page/08000/20250623/19547.html,上海市教育考试院
2025,上海,普通类,504,22798,23089,292,https://www.shmeea.edu.cn/page/08000/20250623/19547.html,上海市教育考试院
2025,上海,普通类,503,23090,23377,288,https://www.shmeea.edu.cn/page/08000/20250623/19547.html,上海市教育考试院
2025,上海,普通类,502,23378,23673,296,https://www.shmeea.edu.cn/page/08000/20250623/19547.html,上海市教育考试院
2025,上海,普通类,501,23674,23963,290,https://www.shmeea.edu.cn/page/08000/20250623/19547.html,上海市教育考试院
2025,上海,普通类,500,23964,24251,288,https://www.shmeea.edu.cn/page/08000/20250623/19547.html,上海市教育考试院
2025,上海,普通类,499,24252,24524,273,https://www.shmeea.edu.cn/page/08000/20250623/19547.html,上海市教育考试院
2025,上海,普通类,498,24525,24798,274,https://www.shmeea.edu.cn/page/08000/20250623/19547.html,上海市教育考试院
2025,上海,普通类,497,24799,25079,281,https://www.shmeea.edu.cn/page/08000/20250623/19547.html,上海市教育考试院
2025,上海,普通类,496,25080,25365,286,https://www.shmeea.edu.cn/page/08000/20250623/19547.html,上海市教育考试院
2025,上海,普通类,495,25366,25620,255,https://www.shmeea.edu.cn/page/08000/20250623/19547.html,上海市教育考试院
2025,上海,普通类,494,25621,25917,297,https://www.shmeea.edu.cn/page/08000/20250623/19547.html,上海市教育考试院
2025,上海,普通类,493,25918,26212,295,https://www.shmeea.edu.cn/page/08000/20250623/19547.html,上海市教育考试院
2025,上海,普通类,492,26213,26498,286,https://www.shmeea.edu.cn/page/08000/20250623/19547.html,上海市教育考试院
2025,上海,普通类,491,26499,26773,275,https://www.shmeea.edu.cn/page/08000/20250623/19547.html,上海市教育考试院
2025,上海,普通类,490,26774,27085,312,https://www.shmeea.edu.cn/page/08000/20250623/19547.html,上海市教育考试院
2025,上海,普通类,489,27086,27375,290,https://www.shmeea.edu.cn/page/08000/20250623/19547.html,上海市教育考试院
2025,上海,普通类,488,27376,27683,308,https://www.shmeea.edu.cn/page/08000/20250623/19547.html,上海市教育考试院
2025,上海,普通类,487,27684,27962,279,https://www.shmeea.edu.cn/page/08000/20250623/19547.html,上海市教育考试院
2025,上海,普通类,486,27963,28229,267,https://www.shmeea.edu.cn/page/08000/20250623/19547.html,上海市教育考试院
2025,上海,普通类,485,28230,28531,302,https://www.shmeea.edu.cn/page/08000/20250623/19547.html,上海市教育考试院
2025,上海,普通类,484,28532,28826,295,https://www.shmeea.edu.cn/page/08000/20250623/19547.html,上海市教育考试院
2025,上海,普通类,483,28827,29108,282,https://www.shmeea.edu.cn/page/08000/20250623/19547.html,上海市教育考试院
2025,上海,普通类,482,29109,29358,250,https://www.shmeea.edu.cn/page/08000/20250623/19547.html,上海市教育考试院
2025,上海,普通类,481,29359,29641,283,https://www.shmeea.edu.cn/page/08000/20250623/19547.html,上海市教育考试院
2025,上海,普通类,480,29642,29907,266,https://www.shmeea.edu.cn/page/08000/20250623/19547.html,上海市教育考试院
2025,上海,普通类,479,29908,30198,291,https://www.shmeea.edu.cn/page/08000/20250623/19547.html,上海市教育考试院
2025,上海,普通类,478,30199,30490,292,https://www.shmeea.edu.cn/page/08000/20250623/19547.html,上海市教育考试院
2025,上海,普通类,477,30491,30789,299,https://www.shmeea.edu.cn/page/08000/20250623/19547.html,上海市教育考试院
2025,上海,普通类,476,30790,31096,307,https://www.shmeea.edu.cn/page/08000/20250623/19547.html,上海市教育考试院
2025,上海,普通类,475,31097,31381,285,https://www.shmeea.edu.cn/page/08000/20250623/19547.html,上海市教育考试院
2025,上海,普通类,474,31382,31654,273,https://www.shmeea.edu.cn/page/08000/20250623/19547.html,上海市教育考试院
2025,上海,普通类,473,31655,31954,300,https://www.shmeea.edu.cn/page/08000/20250623/19547.html,上海市教育考试院
2025,上海,普通类,472,31955,32224,270,https://www.shmeea.edu.cn/page/08000/20250623/19547.html,上海市教育考试院
2025,上海,普通类,471,32225,32490,266,https://www.shmeea.edu.cn/page/08000/20250623/19547.html,上海市教育考试院
2025,上海,普通类,470,32491,32768,278,https://www.shmeea.edu.cn/page/08000/20250623/19547.html,上海市教育考试院
2025,上海,普通类,469,32769,33044,276,https://www.shmeea.edu.cn/page/08000/20250623/19547.html,上海市教育考试院
2025,上海,普通类,468,33045,33357,313,https://www.shmeea.edu.cn/page/08000/20250623/19547.html,上海市教育考试院
2025,上海,普通类,467,33358,33627,270,https://www.shmeea.edu.cn/page/08000/20250623/19547.html,上海市教育考试院
2025,上海,普通类,466,33628,33926,299,https://www.shmeea.edu.cn/page/08000/20250623/19547.html,上海市教育考试院
2025,上海,普通类,465,33927,34206,280,https://www.shmeea.edu.cn/page/08000/20250623/19547.html,上海市教育考试院
2025,上海,普通类,464,34207,34489,283,https://www.shmeea.edu.cn/page/08000/20250623/19547.html,上海市教育考试院
2025,上海,普通类,463,34490,34731,242,https://www.shmeea.edu.cn/page/08000/20250623/19547.html,上海市教育考试院
2025,上海,普通类,462,34732,35017,286,https://www.shmeea.edu.cn/page/08000/20250623/19547.html,上海市教育考试院
2025,上海,普通类,461,35018,35266,249,https://www.shmeea.edu.cn/page/08000/20250623/19547.html,上海市教育考试院
2025,上海,普通类,460,35267,35524,258,https://www.shmeea.edu.cn/page/08000/20250623/19547.html,上海市教育考试院
2025,上海,普通类,459,35525,35786,262,https://www.shmeea.edu.cn/page/08000/20250623/19547.html,上海市教育考试院
2025,上海,普通类,458,35787,36057,271,https://www.shmeea.edu.cn/page/08000/20250623/19547.html,上海市教育考试院
2025,上海,普通类,457,36058,36333,276,https://www.shmeea.edu.cn/page/08000/20250623/19547.html,上海市教育考试院
2025,上海,普通类,456,36334,36580,247,https://www.shmeea.edu.cn/page/08000/20250623/19547.html,上海市教育考试院
2025,上海,普通类,455,36581,36838,258,https://www.shmeea.edu.cn/page/08000/20250623/19547.html,上海市教育考试院
2025,上海,普通类,454,36839,37099,261,https://www.shmeea.edu.cn/page/08000/20250623/19547.html,上海市教育考试院
2025,上海,普通类,453,37100,37376,277,https://www.shmeea.edu.cn/page/08000/20250623/19547.html,上海市教育考试院
2025,上海,普通类,452,37377,37654,278,https://www.shmeea.edu.cn/page/08000/20250623/19547.html,上海市教育考试院
2025,上海,普通类,451,37655,37914,260,https://www.shmeea.edu.cn/page/08000/20250623/19547.html,上海市教育考试院
2025,上海,普通类,450,37915,38181,267,https://www.shmeea.edu.cn/page/08000/20250623/19547.html,上海市教育考试院
2025,上海,普通类,449,38182,38464,283,https://www.shmeea.edu.cn/page/08000/20250623/19547.html,上海市教育考试院
2025,上海,普通类,448,38465,38707,243,https://www.shmeea.edu.cn/page/08000/20250623/19547.html,上海市教育考试院
2025,上海,普通类,447,38708,38962,255,https://www.shmeea.edu.cn/page/08000/20250623/19547.html,上海市教育考试院
2025,上海,普通类,446,38963,39191,229,https://www.shmeea.edu.cn/page/08000/20250623/19547.html,上海市教育考试院
2025,上海,普通类,445,39192,39429,238,https://www.shmeea.edu.cn/page/08000/20250623/19547.html,上海市教育考试院
2025,上海,普通类,444,39430,39679,250,https://www.shmeea.edu.cn/page/08000/20250623/19547.html,上海市教育考试院
2025,上海,普通类,443,39680,39958,279,https://www.shmeea.edu.cn/page/08000/20250623/19547.html,上海市教育考试院
2025,上海,普通类,442,39959,40203,245,https://www.shmeea.edu.cn/page/08000/20250623/19547.html,上海市教育考试院
2025,上海,普通类,441,40204,40472,269,https://www.shmeea.edu.cn/page/08000/20250623/19547.html,上海市教育考试院
2025,上海,普通类,440,40473,40711,239,https://www.shmeea.edu.cn/page/08000/20250623/19547.html,上海市教育考试院
2025,上海,普通类,439,40712,40963,252,https://www.shmeea.edu.cn/page/08000/20250623/19547.html,上海市教育考试院
2025,上海,普通类,438,40964,41209,246,https://www.shmeea.edu.cn/page/08000/20250623/19547.html,上海市教育考试院
2025,上海,普通类,437,41210,41436,227,https://www.shmeea.edu.cn/page/08000/20250623/19547.html,上海市教育考试院
2025,上海,普通类,436,41437,41677,241,https://www.shmeea.edu.cn/page/08000/20250623/19547.html,上海市教育考试院
2025,上海,普通类,435,41678,41932,255,https://www.shmeea.edu.cn/page/08000/20250623/19547.html,上海市教育考试院
2025,上海,普通类,434,41933,42167,235,https://www.shmeea.edu.cn/page/08000/20250623/19547.html,上海市教育考试院
2025,上海,普通类,433,42168,42400,233,https://www.shmeea.edu.cn/page/08000/20250623/19547.html,上海市教育考试院
2025,上海,普通类,432,42401,42668,268,https://www.shmeea.edu.cn/page/08000/20250623/19547.html,上海市教育考试院
2025,上海,普通类,431,42669,42899,231,https://www.shmeea.edu.cn/page/08000/20250623/19547.html,上海市教育考试院
2025,上海,普通类,430,42900,43131,232,https://www.shmeea.edu.cn/page/08000/20250623/19547.html,上海市教育考试院
2025,上海,普通类,429,43132,43379,248,https://www.shmeea.edu.cn/page/08000/20250623/19547.html,上海市教育考试院
2025,上海,普通类,428,43380,43622,243,https://www.shmeea.edu.cn/page/08000/20250623/19547.html,上海市教育考试院
2025,上海,普通类,427,43623,43830,208,https://www.shmeea.edu.cn/page/08000/20250623/19547.html,上海市教育考试院
2025,上海,普通类,426,43831,44086,256,https://www.shmeea.edu.cn/page/08000/20250623/19547.html,上海市教育考试院
2025,上海,普通类,425,44087,44325,239,https://www.shmeea.edu.cn/page/08000/20250623/19547.html,上海市教育考试院
2025,上海,普通类,424,44326,44546,221,https://www.shmeea.edu.cn/page/08000/20250623/19547.html,上海市教育考试院
2025,上海,普通类,423,44547,44773,227,https://www.shmeea.edu.cn/page/08000/20250623/19547.html,上海市教育考试院
2025,上海,普通类,422,44774,45012,239,https://www.shmeea.edu.cn/page/08000/20250623/19547.html,上海市教育考试院
2025,上海,普通类,421,45013,45226,214,https://www.shmeea.edu.cn/page/08000/20250623/19547.html,上海市教育考试院
2025,上海,普通类,420,45227,45426,200,https://www.shmeea.edu.cn/page/08000/20250623/19547.html,上海市教育考试院
2025,上海,普通类,419,45427,45675,249,https://www.shmeea.edu.cn/page/08000/20250623/19547.html,上海市教育考试院
2025,上海,普通类,418,45676,45887,212,https://www.shmeea.edu.cn/page/08000/20250623/19547.html,上海市教育考试院
2025,上海,普通类,417,45888,46139,252,https://www.shmeea.edu.cn/page/08000/20250623/19547.html,上海市教育考试院
2025,上海,普通类,416,46140,46346,207,https://www.shmeea.edu.cn/page/08000/20250623/19547.html,上海市教育考试院
2025,上海,普通类,415,46347,46550,204,https://www.shmeea.edu.cn/page/08000/20250623/19547.html,上海市教育考试院
2025,上海,普通类,414,46551,46738,188,https://www.shmeea.edu.cn/page/08000/20250623/19547.html,上海市教育考试院
2025,上海,普通类,413,46739,46964,226,https://www.shmeea.edu.cn/page/08000/20250623/19547.html,上海市教育考试院
2025,上海,普通类,412,46965,47200,236,https://www.shmeea.edu.cn/page/08000/20250623/19547.html,上海市教育考试院
2025,上海,普通类,411,47201,47401,201,https://www.shmeea.edu.cn/page/08000/20250623/19547.html,上海市教育考试院
2025,上海,普通类,410,47402,47630,229,https://www.shmeea.edu.cn/page/08000/20250623/19547.html,上海市教育考试院
2025,上海,普通类,409,47631,47844,214,https://www.shmeea.edu.cn/page/08000/20250623/19547.html,上海市教育考试院
2025,上海,普通类,408,47845,48030,186,https://www.shmeea.edu.cn/page/08000/20250623/19547.html,上海市教育考试院
2025,上海,普通类,407,48031,48244,214,https://www.shmeea.edu.cn/page/08000/20250623/19547.html,上海市教育考试院
2025,上海,普通类,406,48245,48458,214,https://www.shmeea.edu.cn/page/08000/20250623/19547.html,上海市教育考试院
2025,上海,普通类,405,48459,48663,205,https://www.shmeea.edu.cn/page/08000/20250623/19547.html,上海市教育考试院
2025,上海,普通类,404,48664,48868,205,https://www.shmeea.edu.cn/page/08000/20250623/19547.html,上海市教育考试院
2025,上海,普通类,403,48869,49069,201,https://www.shmeea.edu.cn/page/08000/20250623/19547.html,上海市教育考试院
2025,上海,普通类,402,49070,49276,207,https://www.shmeea.edu.cn/page/08000/20250623/19547.html,上海市教育考试院
